"matrix.NA..ncol...1..nrow...length.rt_test.id..2.","treatment","speed","precision","target_a","comp_a","dec_a","bias_a","target_s","comp_s","dec_s","bias_s","target_c","comp_c","dec_c","bias_c","stay"
NA,1,2.80707959298069,0.732873255270516,0.475484028876699,0.42906627342504,0.0954496976982614,0.228710135164757,0.334584066764903,0.334291182917553,0.331124750317545,0.0273346824737404,0.348385412154652,0.346321926721451,0.305292661123897,0.0650510003195734,1.170275744
NA,1,2.78338304948099,0.665701966258548,0.429968123054457,0.397823033746282,0.172208843199261,0.204634546152844,0.3329907978671,0.332525899736595,0.334483302396305,0.0258461892830349,0.322274812595023,0.326810621120149,0.350914566284828,0.0615912095511473,0.8006750495
NA,1,4.81523488613067,0.688753059765082,0.461463647365559,0.428806237423168,0.109730115211273,0.263140765175254,0.336346771893918,0.336898242733094,0.326754985372988,0.0206475598253693,0.386130317655731,0.374338814902029,0.239530867442241,0.102691382010815,0.536785477
NA,1,3.35108403454278,0.72728081242563,0.446110581049706,0.422050690502844,0.13183872844745,0.189468503161476,0.330649059683123,0.3294680883219,0.339882851994977,0.0266698194966073,0.269355180436901,0.283755665107867,0.446889154455233,0.10096017523776,0.9702008765
NA,1,1.07601237716627,0.899284101457825,0.508272379792923,0.437774085994277,0.0539535342127999,0.154493541907392,0.330062851263091,0.321086725727828,0.34885042300908,0.0432726420602032,0.179659667247842,0.261141868188648,0.55919846456351,0.128944988864751,0.88386568855
NA,1,3.10247174836304,0.690106277924093,0.441845452697526,0.387603149046445,0.170551398256029,0.180252604289636,0.332918818769815,0.33223545500241,0.334845726227776,0.0216149746630167,0.320935519116415,0.327894095366519,0.351170385517066,0.0485493078107092,0.630786164
NA,1,4.00468295820956,0.620282303473979,0.407138492616549,0.384534226163058,0.208327281220394,0.215910559783468,0.333437748420577,0.333184577773566,0.333377673805858,0.0344118348089785,0.331655087783659,0.3331310044462,0.335213907770141,0.0803054850160687,0.873993885
NA,1,2.47420952035299,0.896142072412045,0.547484057908788,0.446907611088751,0.00560833100246106,0.232839407054325,0.345364669109219,0.33437950181319,0.32025582907759,0.0653438575851624,0.368088199771225,0.378347796800827,0.253564003427949,0.152811117770915,1.116245314
NA,1,4.35886988008202,0.691424672255817,0.453158325185296,0.407021808401894,0.139819866412811,0.217159058083242,0.334071899561319,0.334190878889793,0.331737221548888,0.01863392003596,0.345170920268096,0.34151409555237,0.313314984179534,0.0440064160606651,0.5456065
NA,1,3.88290330507188,0.736505852584162,0.469024539207735,0.424129552456952,0.106845908335313,0.237954201010404,0.339423398030819,0.329724327985836,0.330852273983345,0.108236856029184,0.302879643577226,0.348833948093366,0.348286408329409,0.252279860861226,0.6648196665
NA,1,2.21105751208714,0.64410085884918,0.436041180827878,0.375211805236375,0.188747013935747,0.213310576250595,0.335051854316569,0.336594821263813,0.328353324419618,0.0298003455989554,0.365205860809603,0.344900747900495,0.289893391289902,0.0780307970235454,1.715745711
NA,1,4.13090932600446,0.680441837710036,0.454682319615725,0.405834159450684,0.139483520933591,0.268210859817389,0.340610260026113,0.333877981842153,0.325511758131734,0.133001662742616,0.352669205682155,0.36319691583823,0.284133878479616,0.291848155845233,2.041370109
NA,1,5.2633523807752,0.672513805210871,0.424299670386606,0.394540122982958,0.181160206630435,0.288870145644752,0.345124294878262,0.325504066799108,0.32937163832263,0.216749720932091,0.273758842507062,0.357879319023102,0.368361838469836,0.483144766626605,0.626043736
NA,1,3.36451859373421,0.691256446802116,0.444261686975884,0.415101394409233,0.140636918614884,0.215052835942543,0.33278541165752,0.332541584587858,0.334673003754622,0.0121007262051588,0.321138114689273,0.32429983906123,0.354562046249496,0.0321391887568196,2.207833695
NA,1,4.64874416640106,0.714576620925671,0.464152106698763,0.428922115011799,0.106925778289438,0.232826241729309,0.334110472088713,0.33409777810184,0.331791749809447,0.0169823142683152,0.34544976664047,0.343436112141403,0.311114121218126,0.0420281582614176,0.889774308
NA,1,1.92299366065324,0.764103606509884,0.468448996077954,0.413221511246791,0.118329492675255,0.197668761475383,0.337046193025276,0.326833731332013,0.336120075642711,0.0920940719957567,0.266813581264192,0.329920703943173,0.403265714792635,0.215207774431284,1.932159863
NA,1,3.651470458849,0.719024144856781,0.462306824066367,0.410010500144308,0.127682675789325,0.239365916389388,0.340434264966002,0.329947735716607,0.329617999317391,0.124088164127599,0.309434583549947,0.351895129007336,0.338670287442716,0.277026400107884,0.5749573245
NA,1,3.41362647146396,0.640764157727623,0.419509211913876,0.397410033153633,0.183080754932491,0.223133707252556,0.333386037426059,0.333233543857498,0.333380418716444,0.0226642796729365,0.332110164305224,0.33304470241403,0.334845133280746,0.0540892000733437,0.811454484
NA,1,1.71052589190147,0.818457905815923,0.515816519750378,0.46580799780501,0.0183754824446124,0.253603779672999,0.336968448776342,0.337262315198654,0.325769236025004,0.0172751728629571,0.393384802440907,0.381742158762566,0.224873038796527,0.0690616448778688,1.521991885
NA,1,1.68281725623846,0.884087973804384,0.506477177133414,0.445644792987547,0.0478780298790397,0.16421933755518,0.328348169686115,0.32365760247472,0.347994227839166,0.0296061658799948,0.195532436909522,0.244638369182086,0.559829193908392,0.110621079401531,1.2286706055
NA,1,4.18102215593352,0.726109611095313,0.478411226750396,0.432052429152074,0.0895363440975303,0.260326876348198,0.339539796957147,0.334627721041133,0.32583248200172,0.0885285563767901,0.362053876109092,0.369353730935438,0.268592392955469,0.20690786901945,0.8003489235
NA,1,3.29129077379735,0.673901706645693,0.445660959352618,0.386141968048475,0.168197072598908,0.201457275318439,0.334230381975937,0.33474879317705,0.331020824847013,0.0200347746365707,0.349054086958677,0.340854149091132,0.31009176395019,0.0461216533706109,0.4764206295
NA,1,3.50551534556521,0.663407080244357,0.425079155749754,0.401970145664188,0.172950698586058,0.207433094590236,0.332624406394074,0.331850253101522,0.335525340504404,0.0359853380527075,0.311110400545755,0.318663493115504,0.370226106338741,0.0911281794970175,0.6451247585
NA,1,3.87519290237984,0.584059457794492,0.383420543326926,0.362087185056602,0.254492271616472,0.227595218841127,0.334280233670026,0.332660006206151,0.333059760123823,0.128596030137016,0.327685776477553,0.335176983478034,0.337137240044413,0.27983435944329,0.697399862
NA,1,3.45794222239417,0.712273850106268,0.451136781930729,0.404639043856088,0.144224174213183,0.199231136255186,0.334125099005391,0.330810472932343,0.335064428062267,0.0652282056985537,0.304902219394231,0.32669244009202,0.368405340513748,0.150847262656894,1.5420656855
NA,1,3.4746032398512,0.643511058852457,0.422083533424956,0.392600874262012,0.185315592313032,0.220229306620515,0.333985205516124,0.333271029185618,0.332743765298258,0.0522063057295572,0.333950694187193,0.336762790421801,0.329286515391006,0.120251608093785,0.667904982
NA,1,3.78684408100337,0.667271045520698,0.441532799731847,0.416531960567262,0.141935239700891,0.24553018731663,0.334485250083998,0.334744639295139,0.330770110620863,0.0064173582109088,0.355253873394478,0.350730370757242,0.294015755848279,0.0461210527254019,0.8797725505
NA,1,3.15889618694687,0.66513701928947,0.43086093959915,0.397649299909227,0.171489760491623,0.206168467164623,0.333110770424072,0.332753524780275,0.334135704795654,0.0232705466037674,0.325519169654572,0.32887543074487,0.345605399600558,0.0547269958795926,2.003284493
NA,1,4.42377636802147,0.682830007724408,0.437585344576821,0.399426693045768,0.162987962377411,0.202218601940698,0.333515118682591,0.331819647324392,0.334665233993017,0.0535872959888672,0.315123880438962,0.327039624293484,0.357836495267554,0.124734348408728,0.7537700885
NA,1,3.79686959721918,0.683447882408972,0.449353330244282,0.395356231594216,0.155290438161502,0.214770784700415,0.335192739445189,0.333885017444247,0.330922243110564,0.0614945906337962,0.342556142631568,0.343309251590729,0.314134605777702,0.133916977508322,0.4862963515
NA,1,3.07093844210811,0.75792354540597,0.470220592197799,0.423958311531764,0.105821096270437,0.20566430916011,0.335139942610223,0.328829637889275,0.336030419500502,0.0742862096576506,0.280961985663467,0.323164972298753,0.39587304203778,0.178615144081877,0.651103596
NA,1,2.85294742931644,0.732236761879416,0.465217002349345,0.367994041519367,0.166788956131288,0.154778014951527,0.333538595580648,0.332140865958693,0.334320538460659,0.0318289064291095,0.324802829444243,0.333451135168326,0.341746035387431,0.0612389929988389,0.559426758
NA,1,1.28414575055907,0.83670769523128,0.533316768175283,0.434184335065334,0.0324988967593837,0.249181354971785,0.347576911443647,0.332194162437605,0.320228926118748,0.0960977974563558,0.346721181151285,0.372137752040784,0.281141066807932,0.215240226472365,0.80037225235
NA,1,4.8111902897873,0.635127781195977,0.419400165233403,0.378655976062569,0.201943858704028,0.215990858859463,0.33483914215833,0.333627637958657,0.331533219883013,0.0796730180550483,0.338904927823413,0.340452763577902,0.320642308598684,0.170509807158715,0.7643567895
NA,1,2.51663645150984,0.705424089753578,0.456527216730593,0.419417241215081,0.124055542054326,0.22189898486206,0.333717819003264,0.333300660258429,0.332981520738307,0.0270860603732122,0.333786154287817,0.335583369386696,0.330630476325487,0.0638552373567243,1.542391736
NA,1,3.09006064164289,0.855449734359431,0.530383938226637,0.467000891654232,0.00261517011913068,0.274183878579216,0.346725675218848,0.342062382369832,0.31121194241132,0.0571948146312594,0.455803687511919,0.421008602117654,0.123187710370427,0.178256338050017,0.7218438245
NA,1,3.20252767595939,0.752936671745758,0.467046194974087,0.418086570030792,0.114867234995122,0.211407638469178,0.337663042040241,0.327631013677733,0.334705944282026,0.0980031682842241,0.275078615982111,0.334309894026732,0.390611489991157,0.230592429228869,0.759200024
NA,1,2.65650055488522,0.64287092894621,0.423376096538694,0.383875836106975,0.192748067354331,0.213387896013838,0.334445716450827,0.333587234739427,0.331967048809746,0.0630347133501324,0.338130711134913,0.339367340854883,0.322501948010204,0.137960800239032,0.731484622
NA,1,1.36761121133646,0.915188886667043,0.56063884772555,0.431496390079884,0.0078647621945661,0.201861340808285,0.3361559300345,0.332034888102776,0.331809181862724,0.034411571448638,0.324013429305125,0.34133145132554,0.334655119369335,0.0762603017990931,0.9766485065
NA,1,3.88314394446956,0.710585218321608,0.474651663932845,0.397505448995123,0.127842887072032,0.230528027667099,0.338423364574922,0.335378269403553,0.326198366021525,0.0876785641131192,0.360824163280249,0.354533315006659,0.284642521713093,0.184244588245292,0.5209919865
NA,1,5.15894275947,0.649600179843113,0.418689908622066,0.384135106056215,0.197174985321719,0.294890690438194,0.343008333758947,0.328266843762406,0.328724822478647,0.221108686433698,0.299765499357261,0.354283668163229,0.34595083247951,0.468739789807705,0.589214408
NA,1,2.64739268497341,0.757774938543622,0.471128545587051,0.418506906894263,0.110364547518686,0.187309359390398,0.331811395372997,0.330457765792358,0.337730838834645,0.0226903959982669,0.293902796184089,0.309206697821314,0.396890505994596,0.0619656541996388,1.143496359
NA,1,1.48114012249799,0.754077866035783,0.472926952897145,0.421136659990077,0.105936387112778,0.194168265627013,0.332007696488258,0.331290659035044,0.336701644476698,0.0111618313095817,0.304453878359329,0.314104834394361,0.38144128724631,0.0387251275546302,1.479665801
NA,1,3.80374325051384,0.628420864139454,0.405533883364046,0.378506248656352,0.215959867979601,0.194966028540554,0.333186391805758,0.332072777798738,0.334740830395504,0.0583871164371124,0.317867942833324,0.326716624262284,0.355415432904392,0.135504415868533,0.1842782141
NA,1,2.11365156071267,0.647546917072895,0.406536388872946,0.382460706542103,0.211002904584951,0.179662611761212,0.332494307493542,0.330515644510959,0.336990047995499,0.0643335937639461,0.295526592669462,0.313626819741076,0.390846587589462,0.160733565365373,0.62264811025
NA,1,1.85929542607639,0.80642083933696,0.474457809023077,0.437296636512008,0.0882455544649148,0.17347108590812,0.328983685588042,0.326728039511845,0.344288274900112,0.0255740997097406,0.228364605669119,0.255146748475547,0.516488645855335,0.112232988249619,0.6645437802
NA,1,3.26169668066879,0.72369540855988,0.447506061019961,0.406920815514879,0.14557312346516,0.219061363269438,0.339183623077149,0.326502053145519,0.334314323777332,0.127076302309292,0.267103778799953,0.339004486970351,0.393891734229696,0.297460319871487,0.9865886995
NA,1,3.8201216421125,0.723398736662804,0.475563039895611,0.377264879140488,0.147172080963901,0.184878205399633,0.335109782696316,0.334768062154299,0.330122155149385,0.0463400292750786,0.346575442448225,0.33883589215033,0.314588665401446,0.0908591981713136,0.27456225525
NA,1,2.55846808660484,0.68705132156033,0.441750964862934,0.39892540471883,0.159323630418236,0.210493025311458,0.334905014900137,0.331638238836277,0.333456746263586,0.0783345275761639,0.316591113536291,0.334242714464671,0.349166171999038,0.177715646487375,1.8017646095
NA,1,1.39493091531545,0.764769498096607,0.471151355215926,0.423187640136407,0.105661004647667,0.186796146228346,0.331397955400703,0.32979985641794,0.338802188181357,0.0251064009846648,0.282887178874761,0.300910039297602,0.416202781827637,0.0728151297498273,1.20813388
NA,1,2.57559602615664,0.658229908636723,0.418357902253965,0.379996983486913,0.201645114259122,0.216862841565731,0.336544650632536,0.329866276715427,0.333589072652037,0.132571139980057,0.302710070529559,0.336674884942378,0.360615044528062,0.289958648472922,1.439716196
NA,1,4.74917386469928,0.594586026929026,0.389899030071915,0.351723346114207,0.258377623813878,0.164873030809572,0.333424865790139,0.333477108335983,0.333098025873879,0.0206150042347348,0.334496602364574,0.333611524583615,0.331891873051811,0.0397222882275973,0.420096014
NA,1,3.07085003682405,0.665801755269365,0.428675178632162,0.377681281738024,0.193643539629814,0.180920486127369,0.333533264981492,0.332336957657274,0.334129777361234,0.047389187444085,0.323682394323447,0.331513500518542,0.34480410515801,0.101005305622408,0.7839561325
NA,1,3.65295741154122,0.761788497920884,0.458563855650771,0.409800763043053,0.131635381306177,0.236522559886795,0.348606089753166,0.320210657719342,0.331183252527492,0.162760877982617,0.229629694336499,0.365382748652431,0.404987557011071,0.372836854545519,0.7210317055
NA,1,3.43260249285677,0.725958142600717,0.483734059348909,0.404559945138413,0.111705995512678,0.215703247054491,0.335342534556406,0.336764495158121,0.327892970285473,0.0120660509540867,0.372264834314594,0.352246394973181,0.275488770712224,0.0523991490511146,0.7451517845
NA,1,3.38166827482493,0.678308177907763,0.437124093345282,0.409182596047307,0.153693310607411,0.21320740889515,0.332800127984721,0.332558608180832,0.334641263834446,0.0125668940376936,0.321507219124689,0.324668247067236,0.353824533808075,0.0333343639748857,0.5883277165
NA,1,3.66004090029546,0.670349905896159,0.444963008083991,0.381500260447646,0.173536731468363,0.198576373921652,0.334294026236512,0.335104586355001,0.330601387408487,0.0157469587636503,0.351677307443441,0.340826736883278,0.307495955673281,0.0402723348044677,0.26277815565
NA,1,4.61214201693083,0.731001819386624,0.424848714721812,0.412800860085251,0.162350425192936,0.463864723145604,0.405374054336597,0.295132277088195,0.299493668575208,0.407068067696491,0.188637570535056,0.412983207143773,0.39837922232117,0.663100324594076,1.3515916915
NA,1,1.91106103379949,0.689305371908426,0.433328043742618,0.38888323404741,0.177788722209972,0.310927412733811,0.352631555829149,0.322700671984071,0.32466777218678,0.247767005417691,0.27089297689397,0.36742434863994,0.361682674466089,0.504904231624355,0.944241033
NA,1,3.7985462353843,0.732254673317688,0.457548909664546,0.427248346994918,0.115202743340535,0.209867286405599,0.333037625442392,0.330208653711462,0.336753720846146,0.0542282224655784,0.289187915613476,0.311621137051793,0.399190947334731,0.136954258867238,0.8294281355
NA,1,3.60285857204633,0.636037118653316,0.414691905951957,0.375861955842467,0.209446138205576,0.201054604995288,0.334171888849281,0.332742588537376,0.333085522613343,0.0738391277353775,0.328478783875988,0.334984755404172,0.33653646071984,0.159171758918645,0.699094544
NA,1,1.99213248873094,0.568732085970222,0.369269116233152,0.354993878057246,0.275737005709602,0.189225120165247,0.333145359500824,0.332281177194764,0.334573463304412,0.0911290421346358,0.320872801341143,0.328093944681628,0.351033253977229,0.209539945467136,1.90391225
NA,1,4.54815686701278,0.7072448997382,0.424641204843592,0.407642838624081,0.167715956532327,0.167107040606917,0.329881040347438,0.328525590421188,0.341593369231373,0.0318199737942463,0.250882390545207,0.267835180719423,0.48128242873537,0.140780155130453,0.8925347585
NA,2,2.51980609730044,0.752344560869281,0.498629666899825,0.449290715684408,0.0520796174157667,0.268772904957169,0.338439308505498,0.339572421708921,0.321988269785581,0.0180138331975117,0.420489315013561,0.397772602381653,0.181738082604786,0.123090702927598,0.96737295
NA,2,3.87496734590945,0.677770010277085,0.440716161321262,0.404176884816998,0.15510695386174,0.215520800771218,0.333754027850825,0.33313332126954,0.333112650879635,0.0367840864379263,0.331723822475068,0.33473591323907,0.333540264285862,0.0851507910015751,0.784837986
NA,2,3.48509790171275,0.720644278436296,0.477784786563358,0.409430729674541,0.112784483762101,0.225128566098255,0.336175128195109,0.335766909409634,0.328057962395257,0.0467221010488874,0.364950813425166,0.354390421591045,0.280658764983789,0.105999968222674,0.462808689
NA,2,3.60350659024422,0.701096350339999,0.432662024636614,0.414663645513485,0.152674329849901,0.188568305421952,0.330465084667383,0.32995387317899,0.339581042153627,0.00622154858187409,0.273990354925974,0.282447759209804,0.443561885864222,0.100509512776791,0.935637113
NA,2,5.91153528589875,0.623529526032892,0.41599664648806,0.384010418275449,0.199992935236491,0.228095431287195,0.334501626056194,0.334529182317437,0.330969191626368,0.045448958157749,0.349506381777709,0.344581233747992,0.3059123844743,0.104397947029089,0.341835026
NA,2,3.40336289596492,0.70049957337514,0.460934543556441,0.401142608277822,0.137922848165738,0.212291943048936,0.334673502937599,0.334624436143074,0.330702060919327,0.033197335724599,0.349959686676663,0.344231288598069,0.305809024725268,0.0742820375746478,0.784165967
NA,2,2.94299982093293,0.73450624034689,0.473953263098982,0.429397333912175,0.0966494029888422,0.225183006880805,0.333986077288725,0.333923236988869,0.332090685722406,0.0165296059642715,0.342517709319679,0.34095952622797,0.316522764452351,0.0395677425132735,1.0388916645
NA,2,0.908186685367104,1,0.590713117440113,0.409286882559887,0,0.141701513117498,0.351165889821065,0.335355364086372,0.313478746092563,0.0306528974626763,0.385086349352658,0.378196121148324,0.236717529499017,0.0725349431842049,0.850769604
NA,2,4.17850945009541,0.684631871484135,0.447155954228138,0.401553983065733,0.151290062706129,0.213824524924774,0.334260300752179,0.333555559281227,0.332184139966594,0.0421541990965347,0.337787747128183,0.339139935244959,0.323072317626858,0.0950004409998409,0.5670963535
NA,2,2.83717406997134,0.786496906787142,0.499722849620895,0.459749544098233,0.0405276062808718,0.248553804377208,0.335452002808133,0.335684481876054,0.328863515315813,0.011830695192717,0.370651355458081,0.364258999994506,0.265089644547413,0.0476822297345481,0.943660393
NA,2,4.40445640483339,0.713298001585577,0.473909115407332,0.406390674671099,0.119700209921569,0.22706181833216,0.336606704383623,0.335598039686133,0.327795255930244,0.0577283989307617,0.36334353410444,0.35454474169644,0.28211172419912,0.128218741084989,0.611539943
NA,2,1.50696350472658,0.790957378988378,0.496517401366597,0.420507155363654,0.0829754432697496,0.195826591222825,0.334144457269653,0.331047808231163,0.334807734499184,0.0431115635632754,0.308609892441379,0.328348631910394,0.363041475648227,0.0977412858514817,0.9395744785
NA,2,1.07855783632492,0.948611272398062,0.530972619133033,0.467868298479955,0.00115908238701197,0.185859744507777,0.326150059512945,0.323987664301699,0.349862276185356,0.00991158157869871,0.183942292059265,0.210830013282476,0.605227694658259,0.0885984559511026,0.9067055855
NA,2,1.20429457858503,0.942791846260716,0.52791496588468,0.47208503411532,0,0.205970127412589,0.330535224669143,0.329994636394319,0.339470138936538,0.00230769700962489,0.276920805580789,0.285563165484494,0.437516028934717,0.033951656487547,0.862016873
NA,2,2.28189797993659,0.884665200902695,0.517994130379762,0.460007866674512,0.0219980029457257,0.192650658315838,0.329223181453573,0.327306055750888,0.343470762795539,0.0156391390875617,0.238897031629612,0.262163057709477,0.498939910660911,0.0729475709758684,0.9031301835
NA,2,6.23951802790662,0.618841697976501,0.404990585973244,0.388478968963462,0.206530445063293,0.219557625917752,0.333064005708144,0.33298759742839,0.333948396863466,0.00564858217724697,0.327872219085454,0.329069775247453,0.343058005667093,0.0183605337932819,0.662721507
NA,2,1.78847043867484,0.749154439055825,0.455164702370193,0.419663915063324,0.125171382566483,0.177192524949722,0.330107476246415,0.329060287536629,0.340832236216955,0.0083115602887863,0.266034740524672,0.281714092053018,0.45225116742231,0.0861194468612267,0.748763902
NA,2,3.0817385946628,0.788522528240904,0.491379397935946,0.441227076080164,0.0673935259838899,0.210353036708343,0.332531038051947,0.331645794552085,0.335823167395967,0.0195861770925374,0.308732438066711,0.317465323907776,0.373802238025512,0.0492543491415704,0.9683142415
NA,2,4.49665439914174,0.664369623716081,0.437949143392219,0.40656876559457,0.155482091013212,0.23173034667064,0.334271005549893,0.334200467144741,0.331528527305366,0.0286581467200107,0.346618353891619,0.344161074820507,0.309220571287874,0.0688536259805285,0.724868472
NA,2,1.27043898649347,0.999795612023431,0.549918187601821,0.45008181239818,0,0.148382536872221,0.323443554515292,0.319381523653621,0.357174921831086,0.00978555726858448,0.133603413225732,0.176280682648839,0.690115904125429,0.082553580855188,0.8902961455
NA,2,3.94982502241601,0.727628378344637,0.4775326769124,0.436810888726285,0.0856564343613153,0.248368744673182,0.335766467497175,0.335959139664568,0.328274392838257,0.0232710922381609,0.373007886890618,0.364590392851886,0.262401720257495,0.0721500938313287,0.367464499
NA,2,2.32748625129657,0.699037628830978,0.462620247117508,0.403736532752627,0.133643220129865,0.219551071277715,0.335067974976704,0.33520565238449,0.329726372638806,0.0340338908231338,0.357339475078234,0.348578149574645,0.294082375347122,0.0785908188609273,1.399285866
NA,2,5.00596183249671,0.626582326082371,0.418197482012652,0.388847977967207,0.192954540020141,0.232725185579098,0.334437098257658,0.334637602058821,0.330925299683521,0.0315695581254231,0.35145755546349,0.346031810359734,0.302510634176777,0.0782212883597091,0.6029483155
NA,2,5.03690404641801,0.692532655215286,0.446448014063505,0.423957397067399,0.129594588869096,0.228881576933317,0.333048208393766,0.332963371257505,0.333988420348729,0.00696068796775575,0.327267977210244,0.328417861477333,0.344314161312423,0.0183071007724553,0.885207564
NA,2,4.07140863728071,0.734416831458397,0.474735046765841,0.425124020139739,0.10014093309442,0.221071052875669,0.334033074094605,0.333974634013898,0.331992291891498,0.0176872326969768,0.342985112575341,0.341038416176164,0.315976471248494,0.0417704391378923,0.7084655795
NA,2,2.52558881695694,0.725168458676408,0.454643035005485,0.415845927382608,0.129511037611908,0.193375541145183,0.331644557795525,0.331045156383583,0.337310285820893,0.00336705966511027,0.298882562018994,0.308145894823332,0.392971543157674,0.0485445123791464,0.6985839545
NA,2,1.32497062572189,0.750744585287537,0.473142601680288,0.427463644318344,0.0993937540013677,0.20568401801558,0.332458194339635,0.331794390952383,0.335747414707982,0.0172496753576087,0.310958807110283,0.3184137349368,0.370627457952917,0.044538819478268,0.885834052
NA,2,3.01769382209368,0.789093004506755,0.49753941910532,0.448282979492452,0.0541776014022273,0.225934685099514,0.33365396496562,0.333614908369631,0.332731126664749,0.00892537362690014,0.337898487068344,0.337308488900477,0.324793024031179,0.0214851821813126,0.9412191085
NA,2,5.64257735900694,0.652061946993818,0.426423381740576,0.403693808758647,0.169882809500778,0.226370008840936,0.333409464507389,0.333354518343854,0.333236017148757,0.0138423495694754,0.333808110960084,0.334000385337831,0.332191503702085,0.0332114477015782,1.136891674
NA,2,3.5099351780955,0.696123744880532,0.454237465107002,0.433581811507847,0.112180723385152,0.249015309620813,0.334264806911382,0.334382215498599,0.331352977590018,0.00692906542176421,0.350789291572815,0.348393856025449,0.300816852401736,0.033083337614727,0.622112106
NA,2,1.4074619893267,0.914742659179304,0.557486951945988,0.441169277090808,0.00134377096320385,0.225198330864326,0.341504006576885,0.337463289013323,0.321032704409793,0.04109893619003,0.395141825391565,0.380869088994657,0.223989085613778,0.0989080744581957,0.931496379
NA,2,3.02951254813011,0.750379767113946,0.479963284112706,0.421625844775885,0.098410871111409,0.211338694598539,0.334366432241675,0.332685901639183,0.332947666119142,0.0411696185630307,0.327597995849495,0.335872634937951,0.336529369212554,0.0941491346001797,0.8220932425
NA,2,2.87322906733504,0.65754763812799,0.43091686228708,0.398220623457254,0.170862514255666,0.217884971481462,0.333686615713457,0.333587781857471,0.332725602429072,0.0231451586710179,0.337300132185213,0.336799099941248,0.325900767873539,0.0536704251507355,1.0872723535
NA,2,3.68714424809937,0.718895748667351,0.45874520625725,0.418591454812447,0.122663338930303,0.208254729803903,0.332710120404464,0.332387382170709,0.334902497424826,0.0107818844119366,0.319447106905154,0.323654036112515,0.356898856982331,0.0289061524767663,0.5585606615
NA,2,3.02793109184047,0.74059114132364,0.450715214825686,0.424066211545001,0.125218573629313,0.184000952655225,0.32997161097539,0.32920461664674,0.34082377237787,0.00673122622012829,0.263667014407275,0.275763421113797,0.460569564478927,0.0952256868878904,0.6768753145
NA,2,2.83860102222827,0.779511440849241,0.50185514184084,0.461556602035637,0.0365882561235234,0.262367842785779,0.337089824041983,0.337784057979776,0.325126117978242,0.00849641700313238,0.400808402296766,0.387740232524581,0.211451365178653,0.0841669395829616,0.8210281295
NA,2,4.50164527610853,0.717757779254833,0.467493003564294,0.442399585865314,0.0901074105703924,0.252850072327735,0.334875604700889,0.335060861947265,0.330063533351846,0.00998248983410111,0.36154426239015,0.357413309529444,0.281042428080406,0.0479376297831929,0.8439545225
NA,2,2.92104290664528,0.71026170455589,0.46174423445796,0.40518666762849,0.13306909791355,0.207850595542,0.334194288325097,0.333600304030963,0.33220540764394,0.0346990760575279,0.338013385826372,0.33866212462262,0.323324489551009,0.0772924590946872,1.0609830095
NA,2,3.49803784698802,0.731568199062496,0.486523894253256,0.425417069185113,0.088059036561631,0.240697425137212,0.336339973119788,0.337355283979318,0.326304742900893,0.0194704252809889,0.386506659403819,0.367624983660871,0.24586835693531,0.0790704343147062,0.744301254
NA,2,1.4457919887126,0.669867839997141,0.437936763189451,0.397172712891259,0.16489052391929,0.211339389180351,0.333825059488679,0.333529929920394,0.332645010590927,0.0312631410658397,0.33666743141419,0.336882884684071,0.32644968390174,0.070762681863342,0.813412741
NA,2,4.04975689916035,0.731006727078663,0.46524287777792,0.438009838277666,0.0967472839444146,0.228134205991868,0.33295538216959,0.332733185725288,0.334311432105122,0.0127317619249025,0.323694791655235,0.325996719364344,0.350308488980421,0.0322501232136602,1.169080266
NA,2,3.76617350762805,0.784127791082071,0.499356515943241,0.463056118003081,0.0375873660536784,0.25561750198119,0.335973692309313,0.336350339376294,0.327675968314393,0.00898433981707864,0.381134694682621,0.373195961727022,0.245669343590356,0.0589546025406852,0.645134934
NA,2,3.83096290356888,0.725991033780717,0.460907699062845,0.425976509509097,0.113115791428058,0.212461802281946,0.33246650355142,0.332163380886241,0.335370115562339,0.00817198163014336,0.315107850809148,0.319491457077131,0.36540069211372,0.0291547777130819,0.816223199
NA,2,3.51506441660571,0.741989056470898,0.460316255314671,0.430717891549096,0.108965853136233,0.201452606297167,0.331084389590404,0.330544664707354,0.338370945702241,0.00652351360197769,0.287044605128946,0.295559093966289,0.417396300904765,0.0631441495334229,0.818050861
NA,2,1.15383084575369,0.759797135611275,0.477218238565481,0.440240264642679,0.0825414967918399,0.217118785008247,0.332475842262775,0.332002189773553,0.335521967963672,0.0145902884604404,0.312487163310193,0.31789796487872,0.369614871811086,0.0390375129600754,0.896843333
NA,2,4.10038088086385,0.657393807284137,0.422420146870789,0.397999499462398,0.179580353666813,0.203412705370996,0.332434253961237,0.332154489644714,0.335411256394049,0.0029285336873619,0.315140372595237,0.319620112557603,0.36523951484716,0.0384165631444884,0.785597882
NA,2,1.392497425314,0.972576561799002,0.545490103411522,0.454509896588478,0,0.18478542761846,0.332937554383381,0.326947811821677,0.340114633794942,0.0275459689119968,0.249429022931012,0.29751746105662,0.453053516012367,0.0699860457785011,0.884610987
NA,2,1.7084817960432,0.890509987354749,0.545821011614237,0.44140379640625,0.0127751919795134,0.212041359460451,0.336566424663804,0.332138694305806,0.33129488103039,0.0387500792709172,0.325691871980868,0.344226578727969,0.330081549291163,0.0880650440382996,1.093277795
NA,3,1.68275042140024,0.875229798606156,0.515665744414795,0.448690079882713,0.0356441757024914,0.193274398826107,0.333429389277727,0.325365273283541,0.341205337438732,0.0461895224613952,0.232113241920406,0.295497683016398,0.472389075063196,0.119399289123685,1.733767585
NA,3,1.37710516089549,0.862344856312112,0.521686538313527,0.464924535436501,0.0133889262499721,0.234077757613267,0.334560855895048,0.333952098919226,0.331487045185726,0.0166430749779449,0.344828641824033,0.345884610714958,0.309286747461009,0.0406628839919952,1.373785378
NA,3,1.46093559402672,0.804194518713009,0.496099774444368,0.441438715918461,0.0624615096371713,0.206085351578464,0.331935328387892,0.331202589984649,0.336862081627459,0.0116930953227726,0.301254255537399,0.310398499685054,0.388347244777548,0.0370419241832087,2.0747649845
NA,3,4.7054248442847,0.643672156408986,0.396595177439884,0.365097670240523,0.238307152319593,0.140323503119179,0.332151233598738,0.330232469568143,0.337616296833119,0.0424775593132241,0.299066464705091,0.31902624320671,0.3819072920882,0.105932269069374,0.373959635
NA,3,2.74685661204369,0.661736197915702,0.432410100352041,0.392195161969095,0.175394737678865,0.215625340365371,0.334692781875594,0.333044890754705,0.332262327369701,0.064823920265608,0.332615051240561,0.338883781475717,0.328501167283722,0.145047875366953,0.9159189305
NA,3,3.49816487154693,0.611488088987664,0.396898158331314,0.370449407112997,0.232652434555689,0.213342599729575,0.334496053140133,0.331935951554673,0.333567995305194,0.109504105221219,0.319905903261078,0.33359782591214,0.346496270826782,0.24300876364049,1.490214246
NA,3,3.76595580190081,0.717114539997346,0.442822516168655,0.4091665426079,0.148010941223445,0.186032491011814,0.332008342836338,0.329525778572041,0.338465878591621,0.04544748811942,0.279343051719558,0.30233753378753,0.418319414492912,0.119930869986143,0.619327206
NA,3,2.17934265860079,0.742401792666277,0.467328655039833,0.425692682459426,0.106978662500741,0.207469465040426,0.332515598662754,0.331639339664771,0.335845061672476,0.0223156175456039,0.3086021698609,0.317325967936392,0.374071862202708,0.056682923817052,1.6572063255
NA,3,3.16995644352989,0.72529378262741,0.450005363675366,0.411728347256395,0.138266289068239,0.184863462205062,0.33117890224444,0.330353412451902,0.338467685303658,0.00765129455676142,0.288460415592759,0.300670486054219,0.410869098353022,0.0631730520237848,0.6153018
NA,3,1.56733674694502,0.854515888294612,0.512371328101361,0.46263007444253,0.0249985974561089,0.219552156359897,0.332867569767293,0.330493952941407,0.336638477291301,0.0273664084900084,0.29213257068907,0.310929567698368,0.396937861612563,0.0694039897075636,0.662687784
NA,3,2.00485520723615,0.901775522125861,0.525311227082994,0.463684474486566,0.0110042984304397,0.214499814117653,0.334764589802301,0.327084156615718,0.338151253581981,0.0423295846367703,0.253373214852942,0.30936157521086,0.437265209936198,0.107156477968465,2.382711945
NA,3,1.69445571069616,0.857497074145254,0.507520631210101,0.456662353229449,0.03581701556045,0.197457504229195,0.329488174872838,0.328427586616451,0.342084238510711,0.0072839733410228,0.253113178780804,0.268280676247837,0.478606144971359,0.0663242802221981,1.817223182
NA,3,2.7391860162342,0.756459360728577,0.462219576941962,0.430962613881641,0.106817809176398,0.195470247244348,0.33101620803564,0.329324700444951,0.339659091519409,0.0294211267217651,0.269561199152573,0.287453404179577,0.44298539666785,0.092959527132834,0.994461827
NA,3,3.53824017006585,0.74976092723904,0.43309769002792,0.416594999368702,0.150307310603377,0.152190455680973,0.327982058513345,0.326886205380804,0.345131736105851,0.0165964262897418,0.216474853230958,0.23160609182123,0.551919054947812,0.157483247903575,1.223456643
NA,3,1.95918847016422,0.74581725062744,0.497666123419343,0.427852964408344,0.0744809121723127,0.24943301005645,0.337892064893738,0.338827014168358,0.323280920937905,0.0309327825394122,0.404540814015701,0.378605093056842,0.216854092927458,0.106748249445459,1.7141262225
NA,3,1.90711061563067,0.724433446289134,0.442960056943221,0.409905681009671,0.147134262047108,0.179529820594756,0.331413887537515,0.329033160353144,0.339552952109341,0.0407671954734544,0.270586238235576,0.294368447634026,0.435045314130398,0.115350823738339,1.4483570765
NA,3,2.85766360207226,0.681485899614319,0.434725498714178,0.387778085040655,0.177496416245168,0.200184758553887,0.335375015538117,0.330778610402262,0.333846374059621,0.0878630821873184,0.309344925760296,0.334029059713424,0.35662601452628,0.194092685886348,0.6792556985
NA,3,3.2738780789772,0.692527223747291,0.450051313423313,0.417435627118245,0.132513059458443,0.228790216902374,0.333918204959636,0.333646054968366,0.332435740071999,0.0246213243623699,0.33889224098945,0.339152536239328,0.321955222771222,0.0587620354940108,1.032774582
NA,3,1.35999270789128,0.719625069122476,0.465855420203328,0.410909614919219,0.123234964877453,0.223058056305636,0.336741589695828,0.332466033147254,0.330792377156918,0.0747864632721548,0.32997738215043,0.346052764405579,0.32396985344399,0.168055890045445,1.249029921
NA,3,3.12231011866334,0.711425070683756,0.452508738571568,0.421320839019362,0.12617042240907,0.215768770005002,0.332936798045536,0.331999261876364,0.3350639400781,0.0306489523397265,0.313902525633465,0.321731274487942,0.364366199878593,0.0759154275895639,1.0448540775
NA,3,1.64925837169404,0.824446065309684,0.4903111306514,0.443316930889652,0.0663719384589488,0.184746675629251,0.329103066956952,0.327931850331181,0.342965082711867,0.00550326038740069,0.246273716080858,0.263519470968542,0.4902068129506,0.0810163395282843,1.8237194795
NA,3,1.41246942465489,0.732346905595557,0.458054351016574,0.401306063880702,0.140639585102723,0.178379003968451,0.33221548615331,0.330708869871162,0.337075643975528,0.0254770337908633,0.300727271952951,0.316432117972051,0.382840610074998,0.0637944668572685,1.4523871255
NA,3,5.91773551139276,0.631460475687985,0.395301119477876,0.375107385370799,0.229591495151325,0.368521203253229,0.350060512388863,0.323140943913905,0.326798543697232,0.319719944322126,0.272491961001479,0.362158255461906,0.365349783536616,0.639101573116347,0.2920277735
NA,3,1.82316809356731,0.902717125798952,0.506743826802094,0.46828965203438,0.024966521163526,0.179170517425994,0.325681078502503,0.323463836804615,0.350855084692882,0.0158837005997263,0.167087956102731,0.192009943369937,0.640902100527332,0.122178446034591,1.554892488
NA,3,1.19086645742583,0.755739987079597,0.470561012136839,0.405636932981187,0.123802054881974,0.176327893288433,0.331774793895965,0.330617134732618,0.337608071371418,0.0112339250733057,0.299038101033549,0.313785525099162,0.38717637386729,0.0417653217759053,1.5844223775
NA,3,1.43081260755408,0.786086628341924,0.491227706064856,0.432713667830157,0.0760586261049873,0.210376672896512,0.334432492980372,0.331010325241382,0.334557181778246,0.0451404616061079,0.306369587735928,0.327969408074198,0.365661004189874,0.106606530851281,1.616688185
NA,3,3.31652619944845,0.727544363463189,0.501739196249511,0.406451526491273,0.0918092772592167,0.24741866420351,0.338825049167825,0.341953109993886,0.319221840838289,0.0343428289497489,0.4255783766073,0.374042003100378,0.200379620292321,0.13080290187289,3.02130125
NA,3,1.54230723628906,0.938624697227411,0.533901265354195,0.445485923929262,0.0206128107165427,0.181497679209613,0.339228247452412,0.316368267405924,0.344403485141664,0.0616692261640082,0.160285332090091,0.317969820493844,0.521744847416065,0.159979004931479,1.684037651
NA,3,2.66162685340373,0.690201577623687,0.436241018687623,0.407647435695676,0.1561115456167,0.198246491701167,0.331934717664591,0.331348746743799,0.336716535591609,0.0156047955342968,0.302545153938041,0.310481596541466,0.386973249520493,0.0577529912309725,0.8725330575
NA,3,1.90026536316853,0.747373684298894,0.461904970294953,0.418000892012198,0.120094137692849,0.197889348800106,0.334223488675676,0.32880563381903,0.336970877505294,0.0654995895620671,0.278053088775459,0.316694982901674,0.405251928322867,0.159598012603654,2.337792818
NA,3,1.05336699316193,0.668587890716739,0.419168772471498,0.387655310695413,0.19317591683309,0.172838895455345,0.331751584147481,0.330808915414262,0.337439500438257,0.0187226390968668,0.298134274714915,0.310642136039949,0.391223589245136,0.0706876005905166,1.3781344115
NA,3,2.61584539886252,0.940046495863341,0.493946169690956,0.450638420942091,0.0554154093669526,0.351201316450891,0.493051233048115,0.247875655484512,0.259073111467373,0.306554225854711,0.133110451434492,0.454977044604394,0.411912503961114,0.46487906047475,0.879274234
NA,3,2.58328461967119,0.666957142773758,0.432913541454412,0.401881718962511,0.165204739583078,0.216798766974546,0.333598508905347,0.332885576436324,0.33351591465833,0.0380393777725801,0.3281205764609,0.332407192314631,0.339472231224469,0.0894301046503505,0.852076861
NA,3,3.28436412092325,0.575201092897793,0.373182445190564,0.355828782560851,0.270988772248586,0.167081381330518,0.332809741266797,0.332445850334757,0.334744408398446,0.004595923694409,0.32247157644876,0.327494421427284,0.350034002123956,0.0436523669237746,0.4810734245
NA,3,4.23804239789739,0.661595641470676,0.422866260215236,0.398292383495491,0.178841356289273,0.204131822326087,0.332732586270644,0.331670544938783,0.335596868790573,0.0414853131069406,0.309315637943918,0.318859048165347,0.371825313890735,0.103738966955894,1.024062823
NA,3,3.94397431873076,0.673265865247923,0.435824282487017,0.407840929532667,0.156334787980316,0.219055618932915,0.333204740411591,0.33291502790408,0.33388023168433,0.0207665667067564,0.327363048232126,0.329776911859326,0.342860039908547,0.049998946053478,0.78941108
NA,3,3.69045846017018,0.662263999807268,0.423779666373624,0.378662069801888,0.197558263824487,0.218476026868977,0.337593298831669,0.330075396431142,0.332331304737189,0.130851124226746,0.307958278010903,0.341001596895215,0.351040125093882,0.277549734162066,0.519583886
NA,3,1.16699550163789,0.846690565298623,0.519865058407917,0.444017535874323,0.0361174057177601,0.213351673023566,0.335674276115924,0.330597412999057,0.333728310885019,0.0440102697900984,0.304372054894379,0.333473977982769,0.362153967122853,0.103326612802568,1.278972799
NA,3,1.86814783471983,0.666722224120865,0.423560818619073,0.386047584890402,0.190391596490525,0.184480292987575,0.332988681068108,0.331286212297683,0.335725106634209,0.0492369192145658,0.308657015812293,0.32280762773786,0.368535356449847,0.115059250264908,2.919575905
NA,3,2.64999667605062,0.692504082432104,0.43971033285986,0.398906491318959,0.161383175821181,0.202093938866045,0.334478606895443,0.330742712898155,0.334778680206402,0.072883393545163,0.304633764629771,0.328117415869658,0.367248819500571,0.169004788271107,0.796100681
NA,3,5.68324998636186,0.603452630632924,0.387850635736957,0.372032450132917,0.240116914130126,0.193482674127146,0.332858420462399,0.331715050484932,0.335426529052669,0.0679489147140173,0.310886018544927,0.320956256586949,0.368157724868125,0.167993225316269,1.177239821
NA,3,3.24934775833995,0.633169216743154,0.405327613319642,0.379115447331104,0.215556939349254,0.201408322052351,0.333939547055024,0.33119977203528,0.334860680909695,0.0901070896531803,0.308932119218869,0.32706663598116,0.364001244799972,0.209628531145703,0.4038635075
NA,3,2.8385988278729,0.696566597079914,0.451034822168094,0.406187621550053,0.142777556281852,0.217418765486655,0.33494690512033,0.332668335343081,0.332384759536589,0.0603693628397058,0.328627277565744,0.338827841665152,0.332544880769105,0.137658106893553,1.0184849875
NA,3,1.15521262767294,0.732849487147686,0.458391698346741,0.409497127776376,0.132111173876882,0.188483735157096,0.332425495885059,0.330621221130086,0.336953282984855,0.0336654131848732,0.297760294497275,0.314516889301093,0.387722816201633,0.0831354003930754,1.213030951
NA,3,3.00902070394367,0.64186049504663,0.408388146227177,0.386753983546229,0.204857870226594,0.188363824749947,0.332143829693285,0.33145408169986,0.336402088606855,0.0271326451410857,0.305115383251434,0.313678960951641,0.381205655796926,0.080671495182845,1.518180378
NA,3,1.43794990417876,0.811984502414798,0.496811853582989,0.445455860136197,0.0577322862808134,0.206100414593927,0.331749357395021,0.330551734392312,0.337698908212668,0.0182850839629925,0.291210133837468,0.304092864749638,0.404697001412895,0.052183930103483,1.334171128
NA,3,3.23198799481047,0.676984428669295,0.440140416007095,0.403760759603513,0.156098824389392,0.217448611286819,0.333922961008152,0.333136248469748,0.332940790522099,0.0398348343696927,0.332127313645476,0.335745474372557,0.332127211981966,0.0923114199964578,0.804843346
NA,3,1.38789336681708,0.886216664377153,0.521003933289661,0.438055910186945,0.0409401565233936,0.18757958402463,0.337664121669743,0.322184040526606,0.340151837803651,0.0632585424799101,0.215301057002007,0.319825098604433,0.46487384439356,0.155530815702196,1.147973508
NA,3,1.16663044433797,0.627909323327375,0.397870971503037,0.376625706517826,0.225503321979137,0.172829120030263,0.331997695402182,0.33132088255781,0.336681422040009,0.0192998389162021,0.304207061910083,0.313656521063035,0.382136417026882,0.0782293603309411,1.20578606
NA,3,3.55293526462117,0.717875355023168,0.403735420490369,0.391421028682093,0.204843550827537,0.11859908103025,0.32845570369434,0.327344364331472,0.344199931974188,0.0179525532054759,0.224690211489996,0.240671143622969,0.534638644887035,0.168984248108831,0.568330986
NA,3,3.87302108234975,0.679352611747466,0.426772912207498,0.394820399557285,0.178406688235217,0.184899053230266,0.332331625146349,0.330656416243277,0.337011958610374,0.0432367177102592,0.296772795538175,0.312778681622204,0.390448522839621,0.109618676896475,0.9392568285
NA,3,2.77926855111951,0.69158536215325,0.454945668340352,0.413397554758265,0.131656776901382,0.238992617118927,0.336135537790207,0.334177274045152,0.329687188164641,0.0637587619785837,0.349659874394278,0.352695572928581,0.297644552677141,0.147632602098055,1.374722112
NA,3,1.3329108163873,0.713896626965559,0.448742266147197,0.4042813271446,0.146976406708203,0.201725263101728,0.335186600446614,0.329705283182129,0.335108116371257,0.0792991066362527,0.293946944691996,0.327975355772022,0.378077699535982,0.184846008436301,1.196240848
NA,3,3.21451724723858,0.598530758377678,0.384287965048538,0.366633016079749,0.249079018871713,0.185611814993851,0.332927122016908,0.331711861151622,0.33536101683147,0.0712888518599157,0.312360827460632,0.322992547848895,0.364646624690473,0.17158266068334,0.493133896
NA,3,5.34693960026402,0.687404048619181,0.428943507694116,0.390730337583285,0.180326154722599,0.232252013065656,0.340964330487627,0.326544051045346,0.332491618467026,0.15504624210191,0.276154084934133,0.345959264115849,0.377886650950018,0.346268501600754,0.597423351
NA,3,1.19729985139215,0.802908253049954,0.496977267226883,0.441176874800659,0.0618458579724586,0.208219026635575,0.332292002326435,0.331511744893904,0.336196252779662,0.0144758055371546,0.306486767828097,0.315110389874873,0.378402842297029,0.0385893341254006,1.106981179
NA,3,1.14733371676271,0.737402329212489,0.442312628321169,0.405987296343831,0.151700075335,0.162970105876192,0.330577911123331,0.328117163997924,0.341304924878746,0.0341116886929428,0.258018003778711,0.285045060236404,0.456936935984885,0.111663600199193,1.353343499
NA,3,2.55663227784294,0.592519129930391,0.379144831720277,0.365248473925253,0.25560669435447,0.171230570206824,0.332293038463966,0.331749247741834,0.335957713794201,0.0288669387509773,0.309982099041384,0.317398402622387,0.372619498336229,0.0950776471459752,0.9857149965
NA,3,2.36047994435302,0.80504899711718,0.483306353598284,0.452677506765523,0.0640161396361931,0.203566071149121,0.330138572144712,0.32896363627524,0.340897791580049,0.0182046129961245,0.258795977765442,0.272726377054872,0.468477645179686,0.0807691709257999,1.291745207
NA,3,1.53290085169758,0.895126007225397,0.518155736528321,0.456529990514577,0.0253142729571027,0.190842793939296,0.3315411888449,0.324424975769444,0.344033835385656,0.0390749643306844,0.211425271500403,0.272595664026046,0.515979064473551,0.110395694124053,0.9127134871
NA,3,3.27390233217952,0.806918051252345,0.497178656593097,0.430317607479082,0.0725037359278215,0.233924781566267,0.347829935170555,0.323603507576795,0.32856655725265,0.117480235081752,0.257042683939843,0.364912848494436,0.378044467565721,0.271986716817067,0.4330145435
NA,3,2.53260458219933,0.74773975892951,0.490334830020051,0.402603945337643,0.107061224642306,0.233944392415166,0.342861830479565,0.332301063200163,0.324837106320272,0.108120218915206,0.338033425559641,0.359091381089406,0.302875193350953,0.226298531983401,0.935740857
NA,3,1.70768103738954,0.839932216682633,0.514974179191872,0.471032881305596,0.0139929395025313,0.252872768650751,0.336112745457898,0.336547012004122,0.32734024253798,0.00547454744651615,0.384184931760411,0.375645230445905,0.240169837793685,0.0492082486947489,0.59657544375
NA,3,2.60576806729863,0.638273421099236,0.397456353233011,0.377085492829784,0.225458153937204,0.162829389208321,0.331731012429081,0.330477797715247,0.337791189855672,0.039801945875104,0.292029826016172,0.306738416274624,0.401231757709204,0.118555177177408,0.653974536
NA,3,1.42508371219113,0.703158099742265,0.442987222440582,0.406160379993434,0.150852397565984,0.192777017559572,0.33219370572488,0.331097066737238,0.336709227537881,0.0276354997600235,0.301570261102772,0.313307100064055,0.385122638833173,0.0728479191154248,0.61022978965
NA,3,2.49433987362941,0.786601596376971,0.457945614182092,0.433975862345148,0.10807852347276,0.168280683571521,0.32782560224191,0.326660940208721,0.345513457549369,0.0131890668055234,0.215588058714116,0.231632144708488,0.552779796577396,0.134008294220571,1.4658905055
NA,3,2.49944599376248,0.709079910640309,0.456807890137902,0.428116172576308,0.11507593728579,0.232072951081644,0.333616039360906,0.333409712778296,0.332974247860798,0.0178572253449754,0.3351089047306,0.335895156677866,0.328995938591533,0.0433434680541029,1.2495393435
NA,3,2.42886041044606,0.858158685521955,0.504964851771967,0.460215576397813,0.03481957183022,0.2050443392281,0.332358710426352,0.326683098547937,0.340958191025711,0.0419601701159732,0.238131837072636,0.285634614513894,0.47623354841347,0.113851894738143,1.6338540915
NA,3,2.42852552443045,0.776475409727841,0.457534572714271,0.432770507613682,0.109694919672048,0.17560172359847,0.328949378657099,0.327096116017289,0.343954505325613,0.026432868521632,0.227274974564312,0.24880326737696,0.523921758058728,0.128288526444913,1.501123558
NA,3,4.13883788173148,0.642583815978356,0.40644526965066,0.380167243685349,0.213387486663991,0.179661401524286,0.332564020201398,0.331009396999406,0.336426582799196,0.0526981558350758,0.302794274840171,0.31734757544293,0.379858149716899,0.130059745830241,0.5531350875
NA,3,3.58353898103043,0.767480413857944,0.484976005706831,0.366587239517914,0.148436754775255,0.166054905831086,0.337403919438518,0.330136013108906,0.332460067452576,0.0730103480906511,0.314202408154621,0.340482150915793,0.345315440929586,0.136555005842442,1.6787058635
NA,3,3.31187268858313,0.632823749340986,0.397499744468048,0.377925325527344,0.224574930004608,0.170688277910347,0.331908772126122,0.330826603076061,0.337264624797817,0.0393695512327566,0.29664355116197,0.309289026381372,0.394067422456659,0.114212643511907,0.548635557
NA,3,1.66137883742628,0.833147414578027,0.516736304635825,0.440678207271946,0.0425854880922292,0.223325170171452,0.339487656505339,0.329987368909401,0.33052497458526,0.0659148629637959,0.306376095549254,0.349878514425323,0.343745390025422,0.152891517027645,1.246310144
NA,3,2.92398293692005,0.751318585826249,0.506589675706089,0.383267361289079,0.110142963004832,0.222907810494774,0.341894901458946,0.336503711723264,0.321601386817791,0.0937453269462751,0.367357608459407,0.351985947352087,0.280656444188506,0.182839793621573,0.785453707
NA,3,6.63135873202287,0.620418867073358,0.391080025826688,0.370487840361201,0.238432133812111,0.204706356669544,0.33456630919348,0.329992415640268,0.335441275166252,0.129762494327783,0.296689164791066,0.32620582852179,0.377105006687143,0.303652256451359,0.9046118685
NA,3,3.19903237373363,0.788265802262549,0.471422437335339,0.432835896435744,0.0957416662289169,0.18782011946194,0.332121185257633,0.326847101610148,0.341031713132218,0.0519969483814508,0.242240883188001,0.28754169979541,0.470217417016589,0.141025810116904,0.712519927
NA,3,4.83393297599852,0.74823627416316,0.456796434688152,0.442122127802877,0.101081437508971,0.207550304970061,0.330158210560165,0.329767042179255,0.340074747260579,0.00941295342100418,0.266858154111309,0.272769982555629,0.460371863333062,0.0915095196744548,0.541930191
NA,3,2.76197697247578,0.702969333161559,0.444863333721457,0.39439522629176,0.160741439986784,0.332313661290977,0.362047668059097,0.319798954993785,0.318153376947118,0.2633481973819,0.266626003268065,0.377628687288746,0.355745309443189,0.523081609993081,0.798413497
NA,3,3.41251533326638,0.766972107199498,0.440073066514645,0.415249421824745,0.14467751166061,0.154491998662851,0.330226773857782,0.325269150460822,0.344504075681396,0.052919567786752,0.211723286037011,0.25979383418742,0.528482879775569,0.169950455080299,0.6068061665
NA,3,3.50654535227957,0.93394910827927,0.406245242478344,0.480756708647157,0.112998048874499,0.400984355149433,0.499835471695899,0.231763054050212,0.268401474253889,0.380354846033239,0.0623736472929143,0.474535836989021,0.463090515718064,0.61323291482763,2.0886444675
NA,3,2.00888352987523,0.774547018823084,0.482250782986475,0.435758938632536,0.0819902783809885,0.207124143702749,0.33195292768984,0.331495709114304,0.336551363195857,0.00522017704787298,0.30491201419222,0.311812203935962,0.383275781871818,0.0329086418312,0.7120326705
NA,3,3.11231277148215,0.698122075681387,0.46356479041325,0.393922781546856,0.142512428039894,0.271308956325444,0.346241881889149,0.331415136374294,0.322342981736557,0.164820934470414,0.335174596772057,0.36283576208598,0.301989641141963,0.335769436439615,1.1609860185
NA,3,2.59822671234033,0.794680255163965,0.493578452916955,0.442767616236076,0.0636539308469689,0.213777545703485,0.332822046211934,0.331722843461183,0.335455110326884,0.0220702269417782,0.310305885519428,0.31973754468681,0.369956569793761,0.0544546232712955,0.928164334
NA,3,3.00358537531902,0.737707942468744,0.496816661353782,0.417664258775577,0.0855190798706412,0.259055547891585,0.342111282346075,0.337634501326626,0.320254216327299,0.0872011701805436,0.393398423545288,0.375905953540508,0.230695622914204,0.198729185808525,0.7842930575
NA,3,3.00627122555292,0.593295802434737,0.385804132691717,0.368209152362356,0.245986714945927,0.191652691960643,0.332851545402304,0.332498460269172,0.334649994328524,0.0281791035782319,0.321768932445429,0.326057907964009,0.352173159590562,0.0705750036451853,0.7869411705
NA,3,1.11902528533774,0.645777463409412,0.414170978887211,0.381756278439801,0.204072742672988,0.185628376074676,0.332730214045195,0.331978473528516,0.335291312426289,0.0302300762241972,0.315975513498651,0.323911194309185,0.360113292192164,0.0727361572066701,0.8078820582
NA,3,2.94469583695953,0.746590761558214,0.45428031972798,0.422959881476525,0.122759798795495,0.188253705040084,0.33137207384196,0.328645882317952,0.339982043840088,0.0420667308550016,0.26251326535281,0.288564209783487,0.448922524863703,0.119779705637821,0.7368296
NA,3,1.25815203087459,0.809912260196953,0.504880780994964,0.440849547367896,0.0542696716371395,0.215527009881464,0.334399249905148,0.331989689431638,0.333611060663214,0.0350513052207719,0.318517988504013,0.33250896926361,0.348973042232377,0.0824242291640443,0.988380218
NA,3,5.21671982761132,0.69704212022005,0.409442060416576,0.387726558042235,0.202831381541189,0.210679642782977,0.340775735152944,0.323019276295036,0.336204988552019,0.159140379881268,0.234675782991325,0.338681194345983,0.426643022662692,0.383410974382487,0.34428608
NA,3,4.45605487907575,0.724048801515903,0.459461847836308,0.361654715334093,0.178883436829599,0.17671841854853,0.338132203766338,0.330285850916722,0.33158194531694,0.0953879958388979,0.316214988464804,0.34127299458557,0.342512016949626,0.17481202568479,0.388300989
NA,3,3.35851961515622,0.764942382786605,0.489335922952108,0.426701362851321,0.0839627141965712,0.236915593617896,0.341010493710521,0.330856035495098,0.328133470794381,0.0927450108224154,0.320321983377104,0.357791514983669,0.321886501639227,0.211046404070293,0.8979282275
NA,3,3.97886020858374,0.703368375830907,0.430230803529358,0.40409693612795,0.165672260342692,0.179265633732786,0.331710716076989,0.328944566661436,0.339344717261575,0.052310519806988,0.26884307966961,0.29491328266887,0.43624363766152,0.144015796030222,0.716635738
NA,3,2.77811097502603,0.712971266271764,0.449525170371852,0.412674944722596,0.137799884905551,0.201166584646451,0.332771836783201,0.331047954274666,0.336180208942132,0.0402387502700519,0.301880702544989,0.316487035529829,0.381632261925182,0.0993967107822309,0.903451721
NA,3,2.84279502110441,0.836003882613222,0.508274924351111,0.450526445110365,0.0411986305385235,0.216220706895144,0.335436694048758,0.32923165060419,0.335331655347053,0.0501990820269025,0.284636871746878,0.32493821612892,0.390424912124202,0.122247514559864,0.910198305
NA,3,1.63342945649866,0.951614141228606,0.533491873035882,0.463109114140647,0.00339901282347048,0.192570605415725,0.33236361123679,0.321923008898126,0.345713379865083,0.0380020425009007,0.184159019422732,0.269896119185815,0.545944861391453,0.107570828391872,1.02093882
NA,3,2.1847401430532,0.658953837346873,0.425745002640063,0.392808975751647,0.18144602160829,0.201989794296904,0.333043183320903,0.332537237600824,0.334419579078272,0.0268153701044537,0.322746951476221,0.32746385096273,0.349789197561049,0.0632683475922914,2.022764185
NA,3,2.13589431192429,0.666125301210094,0.432488849619157,0.395744372221069,0.171766778159773,0.206036605045823,0.333243785877948,0.333045841128062,0.333710372993989,0.0164215322990362,0.329595966705243,0.331353350944099,0.339050682350658,0.0379019351477596,1.631561505
NA,3,2.96183521101549,0.676007197578946,0.434913630629545,0.385059737537671,0.180026631832784,0.211704980976786,0.336757129947386,0.330965133495666,0.332277736556948,0.106102181406584,0.314665095380798,0.340137950731772,0.34519695388743,0.227912391437879,0.5848722775
NA,3,4.50581531450751,0.746634181686551,0.422644986030217,0.408825097038624,0.168529916931159,0.137327699538512,0.327883957874679,0.326459935909411,0.34565610621591,0.0238823758462066,0.208491061334169,0.226737949092301,0.56477098957353,0.172359021328724,0.2557172705
NA,3,3.93755609668635,0.721978694768573,0.466197278581004,0.414299769893623,0.119502951525374,0.213799933887297,0.334062229332243,0.333388877699125,0.332548892968632,0.0304631730322488,0.335525520812251,0.337653616992973,0.326820862194776,0.069699272634525,0.545621094
NA,3,3.78948712422039,0.744801915391679,0.460894506465178,0.418300023084773,0.120805470450049,0.214374749727316,0.338232709884797,0.327135669970795,0.334631620144409,0.100027541645172,0.269183009322811,0.334792010387729,0.396024980289461,0.23896883371483,0.5832192015
NA,3,2.99750224168931,0.615461194813874,0.395340890662967,0.37942540839532,0.225233700941712,0.191910410607966,0.33229198428743,0.331900092806914,0.335807922905656,0.0183333399900329,0.31092224573029,0.316569670690589,0.372508083579122,0.0706481788938812,1.1493366215
NA,3,3.34413552933446,0.731527991156347,0.473518927088361,0.436485377691271,0.0899956952203675,0.242034310519153,0.335045668460959,0.334642192463587,0.330312139075454,0.0279773423526316,0.354979266792755,0.353060862472637,0.291959870734609,0.0697923433691059,0.7846129845
NA,3,2.89428071114683,0.784249694356633,0.467972946126979,0.432923805282722,0.0991032485902994,0.185218113234699,0.331201737497751,0.327068575605049,0.3417296868972,0.0454400932951785,0.240502146032814,0.278560194189353,0.480937659777833,0.130901873634464,1.3593107295
NA,3,4.17668726620428,0.727216717778481,0.452795603825916,0.425452933170482,0.121751463003601,0.204383119364941,0.331695981490721,0.330553289517307,0.337750728991972,0.0278064044746027,0.288879430325194,0.300909132036104,0.410211437638701,0.0812690048448325,0.7176123465
NA,3,1.58803921013507,0.728653374370866,0.462283583379703,0.424582134274332,0.113134282345965,0.212899565758654,0.332710823294738,0.332208009591169,0.335081167114093,0.0172417613940377,0.316535125843063,0.321841794250098,0.361623079906838,0.0436290846035862,2.0293420105
NA,3,5.71205976346714,0.731495853620677,0.450497281783418,0.41753060370691,0.131972114509672,0.210899812801065,0.336669724831444,0.32723936186269,0.336090913305866,0.0971963239814261,0.263531841818846,0.325267213942085,0.411200944239069,0.23943082998148,0.320439483
NA,3,4.35347530435438,0.718380023793788,0.451853246112843,0.417982610875356,0.130164143011801,0.207520008887718,0.333272425172605,0.330696359502908,0.336031215324487,0.0512677792688053,0.297696586382216,0.317240847823097,0.385062565794687,0.126578320807277,0.767871241
NA,3,3.09555035546207,0.802980791928771,0.502313754140766,0.460146257563682,0.037539988295552,0.244597052640332,0.335433510420793,0.334705153904477,0.32986133567473,0.0242995580096908,0.357357307337965,0.357050936112483,0.285591756549552,0.0612986684303474,1.436192605
NA,3,3.50836490280839,0.715438934042997,0.473600558076863,0.420716870881753,0.105682571041384,0.244732368773444,0.337184205236181,0.335728544135318,0.327087250628501,0.0562901243971763,0.369596924633787,0.363698935017596,0.266704140348617,0.133209460754553,0.845712377
NA,3,4.54595676960662,0.662489249618891,0.408480645001439,0.395113850203831,0.19640550479473,0.173880737160739,0.330603179451822,0.330016881008546,0.339379939539633,0.0152067541188898,0.274774177553404,0.283778412357353,0.441447410089243,0.124763698325091,0.5747767465
NA,3,1.91068226717367,0.76481744073045,0.485530398804168,0.436408755866622,0.0780608453292094,0.227310839342375,0.335388141449542,0.332623634431723,0.331988224118735,0.0475956368809006,0.328811795428312,0.341764391412544,0.329423813159144,0.112438400421071,0.8878019555
NA,3,3.1033164854423,0.765637685349317,0.45231421415911,0.411360339813848,0.136325446027041,0.184579862540098,0.337345954900244,0.323669942564962,0.338984102534794,0.0976341332010042,0.22878905783023,0.321458893897642,0.449752048272128,0.242011356183914,0.777248107
NA,3,1.30788564717327,0.939063016516522,0.512393394384846,0.463800556065144,0.0238060495500094,0.15595039596736,0.32379500516623,0.318986057943938,0.357218936889832,0.0222553332326447,0.116956415039069,0.162255086562975,0.720788498397956,0.142393483699332,1.275542857
NA,3,2.57026797130833,0.718373156879645,0.454259032608632,0.376786988180157,0.168953979211211,0.163869746029017,0.333521336576189,0.331337411370874,0.335141252052938,0.0407273568150277,0.315988643682706,0.330898017658097,0.353113338659197,0.0841213894882051,0.844453677
NA,3,3.3208504279636,0.630842434759035,0.404179459558898,0.380349888474981,0.215470651966121,0.192873564128525,0.332956131120638,0.33162152838922,0.335422340490143,0.0578012546350718,0.31087060076294,0.322171654287783,0.366957744949277,0.13924337062612,0.990233329
NA,3,2.38622008266372,0.711402030024482,0.44094288275579,0.405314454266282,0.153742662977928,0.184142283061454,0.332068740982269,0.329808972514583,0.338122286503149,0.0433615345507941,0.284411989239576,0.305651958647186,0.409936052113239,0.112926405387607,1.1192574025
NA,3,1.07057368540016,0.786926184856671,0.491423721434311,0.420460092121482,0.0881161864442064,0.207484657715986,0.338077253679197,0.32879501281341,0.333127733507393,0.0764260892712596,0.291306487754954,0.33970798069567,0.368985531549375,0.173988749311666,1.21899529595
NA,3,1.55211840776061,0.673873179277859,0.421745308079246,0.387472176659552,0.190782515261202,0.176117367526375,0.332453787716602,0.330419103159266,0.337127109124132,0.0489180709596172,0.296088768463552,0.314835370691026,0.389075860845422,0.120632183886053,1.4797864445
NA,3,3.01136635993093,0.783003878193295,0.468851458220723,0.445419557102306,0.0857289846769713,0.195142283162089,0.32928260262828,0.328525988324105,0.342191409047615,0.0112865855526324,0.247304122936319,0.258104966104638,0.494590910959043,0.0998140247655637,0.871133045
NA,3,4.03449582907378,0.723496810669479,0.441233312196914,0.420553324248538,0.138213363554548,0.187301685491633,0.330296887225632,0.329243417208435,0.340459695565933,0.0232841323418881,0.263112590459131,0.276290167330479,0.46059724221039,0.108742402313394,1.0004189655
NA,3,1.82645936922514,0.803151392053134,0.491500090732813,0.449306792355227,0.0591931169119598,0.213507531634687,0.33250799832768,0.33035290331202,0.3371390983603,0.0311696741768706,0.289313580516383,0.307453224867206,0.403233194616411,0.0802614316223995,2.1615396285
NA,3,3.00207496201615,0.692551594043484,0.442500553234751,0.407184950645718,0.150314496119531,0.208034191255955,0.333411571980996,0.331797915239274,0.334790512779729,0.0463816102240974,0.313622545890034,0.325271322742928,0.361106131367038,0.110669407616977,2.98637952
NA,3,1.40212442694872,0.763138276026124,0.46268707792002,0.425235682172408,0.112077239907571,0.183492189645705,0.330516442394275,0.328780750843348,0.340702806762376,0.0251153994733233,0.262950439763558,0.28297484130871,0.454074718927732,0.0912666669860502,1.8028714065
NA,3,1.35285283555007,0.895870679125727,0.544966895418482,0.442817013636072,0.0122160909454458,0.236357982042875,0.349189376553134,0.329178827002457,0.321631796444408,0.0774994432043671,0.319067456853174,0.374764354727813,0.306168188419013,0.179136540903451,1.366225244
NA,3,1.63923056298595,0.825794858325216,0.495145572223949,0.438899784984603,0.0659546427914479,0.193882663061528,0.333747748691361,0.326625720974384,0.339626530334255,0.0531618569511494,0.248465051548473,0.303138488045013,0.448396460406514,0.134702634506904,1.9834138235
NA,3,2.27295193682451,0.742474891920908,0.469657534448626,0.42305907477986,0.107283390771514,0.214539753443906,0.334853977372186,0.33114322083235,0.334002801795465,0.0580461585265256,0.308908548017872,0.331068980330619,0.360022471651509,0.137065794472579,1.668721464
NA,3,3.36476191356701,0.749694176419046,0.45214433884704,0.418930448203397,0.128925212949563,0.180511357677708,0.331431588118337,0.327895289845077,0.340673122036587,0.047635643054365,0.254053846530442,0.28697922956159,0.458966923907968,0.133716889926208,1.1057681695
NA,3,1.47091847242328,0.80027395809349,0.496571305065902,0.442045439195883,0.0613832557382152,0.213004573498839,0.3332556173824,0.331490029283686,0.335254353333914,0.029071500085479,0.308632144526281,0.32185751494711,0.369510340526609,0.07042515936748,1.2947174445
NA,3,3.46537563540195,0.673714239975154,0.432272479737775,0.402706791516141,0.165020728746084,0.207809645728708,0.332965233644922,0.332098304397478,0.334936461957601,0.0351259194383392,0.316074863417301,0.323520911962469,0.36040422462023,0.0854593170598203,1.0069242835
NA,3,1.12733933010219,0.780396202457747,0.474932131911553,0.422148542776769,0.102919325311678,0.191184754717313,0.334584103609015,0.327312528743573,0.338103367647411,0.065215475120039,0.262157610031684,0.314188946859097,0.423653443109219,0.159290032028271,1.301363789
NA,3,1.44616770060857,0.814568117534689,0.521618094764687,0.429551819189838,0.0488300860454747,0.23653388340918,0.343264319327519,0.332613456849378,0.324122223823104,0.0803173283131149,0.343930988051541,0.366968981857839,0.28910003009062,0.179459683105366,2.02115522
NA,3,1.04761662832429,0.853603862690981,0.511146420064093,0.458725545691963,0.0301280342439436,0.210294572351927,0.331478623054283,0.329928057505657,0.338593319440061,0.0190677883560855,0.280567431676657,0.296310903783854,0.423121664539489,0.0551601745725342,1.2626858344
NA,3,3.77907270027376,0.730480269461467,0.464254316945638,0.40698618562619,0.128759497428172,0.242671350977908,0.344637726301345,0.327134654155544,0.328227619543111,0.141021754423623,0.28980329705986,0.35850579296677,0.351690909973371,0.310189288393979,0.3521106125
NA,3,4.85830562910591,0.617513624908343,0.412824353397588,0.383039467410663,0.204136179191748,0.236039256483878,0.334835752288096,0.334548757558566,0.330615490153338,0.0605806109583328,0.35052967920624,0.346533748965171,0.302936571828589,0.138182433832496,0.385225868
NA,3,1.54818149674705,0.656140992892057,0.404804073750097,0.38130809020956,0.213887836040344,0.160677287600065,0.331566276953941,0.329989518222906,0.338444204823153,0.0410603165412434,0.285666551624639,0.303502731202092,0.410830717173269,0.120893065287798,1.235523042
NA,3,1.17530965204356,0.738978727897898,0.46393796454344,0.418315185144563,0.117746850311997,0.197776665254853,0.332244466751432,0.331235534413909,0.336519998834659,0.0219085202243795,0.303562019497058,0.314418739689315,0.382019240813628,0.0574133950426985,1.6119180505
NA,3,3.49049482771698,0.706734088009081,0.437595477082217,0.38958758093055,0.172816941987233,0.163695005918835,0.331784154056437,0.330089137009113,0.33812670893445,0.0261376582631449,0.293489430242575,0.312527023801719,0.393983545955705,0.0723109401514525,0.47190654
NA,3,1.63604649352698,0.888011486326374,0.522559532564002,0.445165362872841,0.0322751045631576,0.198536452088833,0.338728623190816,0.322703689176112,0.338567687633072,0.0651406008484501,0.220415996084883,0.325885254048214,0.453698749866904,0.1605443571546,1.161179117
NA,3,1.30108041152201,0.825330150305462,0.488167176445323,0.444103838603442,0.067728984951235,0.18589719243872,0.330171391617219,0.326847179014358,0.342981429368423,0.0320519651625788,0.23484310658714,0.267972721146719,0.497184172266141,0.103936441505544,1.1096677645
NA,3,2.02730773929946,0.661562178503608,0.434460689795052,0.383850466700196,0.181688843504751,0.226326820052345,0.337131863480194,0.332665632996701,0.330202503523105,0.109452654502405,0.332619890836884,0.34540282321234,0.321977285950775,0.23083996857822,0.755167424
NA,3,3.53037821454141,0.737116377351827,0.430598465005341,0.41304780624288,0.156353728751779,0.154738071508953,0.328412211586118,0.327459982595246,0.344127805818637,0.0123854743295005,0.227957197522097,0.242008621274968,0.530034181202935,0.148945342221458,0.6090349025
NA,3,4.35539205776767,0.796563287850542,0.460099704640136,0.431081323500603,0.10881897185926,0.169381669848459,0.330680657300256,0.324638679246494,0.344680663453251,0.0534517011016257,0.204879130545836,0.260727840430248,0.534393029023917,0.164638887613799,0.641142804
NA,3,4.67465663345873,0.762623754865795,0.44002674640941,0.41035336760412,0.149619885986469,0.171428968835602,0.33543752768416,0.323218323021645,0.341344149294195,0.0924383446497001,0.21247308542749,0.30524957749125,0.48227733708126,0.243315431662362,0.613692692
NA,3,4.27472517711188,0.591872465800437,0.380021514342145,0.366920629705133,0.253057855952721,0.177380259198858,0.332316756920687,0.331878195136325,0.335805047942987,0.023107379511753,0.311228367756419,0.317526181987999,0.371245450255582,0.0871349611144275,0.8013545275
NA,3,5.69381576798992,0.608789708667266,0.392672784188426,0.377207430688506,0.230119785123067,0.194782864276786,0.332480863354016,0.332075392197767,0.335443744448217,0.0254955779076715,0.313990373901949,0.319302632859278,0.366706993238773,0.0751136567719835,0.6600670885
NA,3,3.03681077685696,0.77332404825841,0.482364333346227,0.439022711088655,0.0786129555651176,0.222661785273043,0.335662111787536,0.330293876039178,0.334044012173286,0.0614029154316006,0.298699105783212,0.331289465472218,0.370011428744571,0.148734015492024,0.6068987485
NA,3,3.38622689722913,0.697509315621824,0.436255890554491,0.403232628678315,0.160511480767194,0.184869704868209,0.331530342735603,0.33071264632412,0.337757010940277,0.0145535178171952,0.294193779732211,0.305524643117085,0.400281577150703,0.0660476675619569,0.516380198
NA,3,3.81056449799223,0.638468817306699,0.410058579142906,0.38764824951851,0.202293171338584,0.198761742172459,0.332659351902968,0.331907428360969,0.335433219736063,0.0371727170071833,0.312757517611219,0.320329594838917,0.366912887549864,0.0934829662372948,1.7006015035
NA,3,2.88313378358056,0.721824986316024,0.462817474787357,0.412959079473669,0.124223445738974,0.209312165149681,0.333906853626452,0.33255013318166,0.333543013191889,0.0386422915565858,0.324897703233939,0.332680544930924,0.342421751835137,0.0889680154618299,0.820168016
NA,3,1.1652962252608,0.837844262937157,0.5181897579576,0.468743329695204,0.0130669123471965,0.258299138304475,0.337579320427892,0.337891430623139,0.324529248948969,0.014978657639642,0.403030130982271,0.390462354663869,0.20650751435386,0.0729291916833756,1.1044831435
NA,3,6.35747778427087,0.561413382182941,0.366746740245928,0.353088359005722,0.280164900748351,0.196316333654194,0.333311534726436,0.332543505483964,0.3341449597896,0.0951713983496227,0.324365363777785,0.330129295105185,0.34550534111703,0.214911724832871,0.511990674
NA,3,2.34524570455924,0.797840751331833,0.477832151512615,0.436117534114787,0.0860503143725976,0.189093123462328,0.331695332300246,0.327249307657899,0.341055360041854,0.0448637540029531,0.246323914382823,0.285722536086931,0.467953549530245,0.123389840883017,2.068005295
NA,3,3.86434366685319,0.701446739330852,0.441823717912634,0.411548785936159,0.146627496151207,0.199195828921368,0.332000423717002,0.331138003722,0.336861572560998,0.0241127736042749,0.299827630541439,0.30970146277006,0.390470906688501,0.0692751993086541,0.9110355125
NA,3,2.04334815693693,0.858983935582982,0.554145049910626,0.420106536225811,0.0257484138635632,0.227477741633939,0.342727740132269,0.336598931829759,0.320673328037972,0.0582333039099495,0.38143369952021,0.369758190375986,0.248808110103804,0.129069293363794,1.8373617935
NA,3,1.81087895740389,0.730341996603663,0.448068219440375,0.418310470703005,0.133621309856619,0.186141437059891,0.330660004547318,0.329618890934066,0.339721104518616,0.0183072176381081,0.273479484417026,0.287256987250619,0.439263528332355,0.08717604109702,0.8510502795
NA,3,2.33649391359083,0.729360529693036,0.465437683636446,0.421139632568294,0.113422683795259,0.216323422521127,0.334187011334766,0.332203548352439,0.333609440312795,0.0453444407490363,0.320726301927154,0.332325231781929,0.346948466290917,0.106696189340453,1.474961444
NA,3,1.28370711348115,0.792495542145974,0.480659696373278,0.422516083474509,0.0968242201522133,0.178824821187512,0.33130161990366,0.328471373554378,0.340227006541961,0.0308041821707932,0.267614173832214,0.295745143049776,0.43664068311801,0.0854581823378577,1.5805031105
NA,3,2.09977198264408,0.702448491012449,0.436056162819548,0.403312174995918,0.160631662184534,0.186145272795315,0.332375885807822,0.329756089937998,0.337868024254181,0.0514784444789527,0.284204780494527,0.307322848649468,0.408472370856005,0.131571199647963,0.884757468
NA,3,3.07146214661082,0.804033529150681,0.474424688959512,0.450950002930595,0.0746253081098928,0.190828449491893,0.328409539812134,0.327630737806379,0.343959722381487,0.0094403762469359,0.230031681969781,0.2413098578594,0.528658460170819,0.110088928320452,0.760327709
NA,3,3.25396772944697,0.681157490039646,0.415318365146041,0.395404275697209,0.189277359156751,0.165782680246598,0.330624522278708,0.329401685894928,0.339973791826365,0.028656886093395,0.269561880865867,0.285172573111609,0.445265546022524,0.122491124285158,0.7457227755
NA,3,3.68181189785699,0.765765867593568,0.457202898670343,0.430733147626817,0.11206395370284,0.181040675564588,0.329508581023278,0.327925330688911,0.342566088287812,0.0243890244856747,0.24233257189814,0.261224125706279,0.496443302395582,0.114789685163302,0.550521597
NA,3,1.33565688391501,0.970058317505094,0.528452650745052,0.471547349254947,0,0.201067171208497,0.335925349056623,0.328319431966233,0.335755218977143,0.0312102212145172,0.270460388833972,0.321897149060335,0.407642462105693,0.0787902185663645,1.26637839115
NA,3,2.2626150653695,0.680613011717366,0.427434939991877,0.399925733904472,0.172639326103652,0.188636090667439,0.331879628617113,0.3307693195647,0.337351051818187,0.0311951110321913,0.295055356082806,0.307481727642926,0.397462916274268,0.0889067305009723,1.2159467315
NA,3,1.51929412061839,0.857656093289554,0.5008933778464,0.448596890296852,0.0505097318567483,0.182772731857812,0.329977852929922,0.32556221761363,0.344459929456448,0.0330089826149881,0.219332924297144,0.261836496551564,0.518830579151291,0.105926696001675,1.7090346395
NA,3,3.79144159430888,0.736737291837915,0.482365401024308,0.439281875549684,0.0783527234260085,0.255450143770036,0.337157077214722,0.336183271034657,0.326659651750621,0.0426496631643985,0.37828595745671,0.37223405045687,0.249479992086419,0.110687338216474,0.849409163
NA,3,1.78707649544442,0.826556758699686,0.509005591083086,0.463436634542275,0.0275577743746387,0.239316584508096,0.334976938414099,0.33393453825853,0.331088523327371,0.024045675915581,0.345740992886232,0.348817145737688,0.30544186137608,0.0590242738337628,1.4005185975
NA,3,1.46904756148514,0.916114579979366,0.524834379956546,0.454929448640583,0.0202361714028702,0.187912779770651,0.333566572734797,0.321696690083988,0.344736737181215,0.0477726346553764,0.18925780733961,0.283393018963348,0.527349173697042,0.129787832589337,0.93756482675
NA,3,2.13242426855493,0.743339336221196,0.453563753702469,0.411379997710346,0.135056248587185,0.18145336633903,0.332605059996528,0.328355127177203,0.33903981282627,0.0548852074426601,0.268458622674078,0.303915668246451,0.42762570907947,0.139272549542113,0.887434734
NA,3,3.49100908119629,0.599573008123397,0.384146745988959,0.364880249597025,0.250973004414016,0.167384592496253,0.332390839290387,0.331881852404414,0.335727308305199,0.00618414633029675,0.313778110918712,0.321205751160224,0.365016137921064,0.0616529801999599,0.6644846525
NA,3,2.05627779512809,0.746350654310959,0.453536694840677,0.428704350682722,0.117758954476601,0.190179777074941,0.330136554517426,0.329116413730417,0.340747031752157,0.0189270494319011,0.2614434506887,0.274663489173035,0.463893060138266,0.098412878526854,2.056704355
NA,3,3.81863936003364,0.727324634900817,0.470267797479416,0.403441511767063,0.126290690753521,0.222515802558842,0.339106983660795,0.33137388896472,0.329519127374485,0.0967990827065529,0.322733298959207,0.349779228971127,0.327487472069666,0.20968935898592,0.7284201895
NA,3,1.87855820879538,0.771877076663801,0.461751342885599,0.431107349696582,0.107141307417819,0.180437920826586,0.329311835189072,0.328181217200962,0.342506947609967,0.0133420797035109,0.246833662093177,0.26259268656716,0.490573651339663,0.102756551290956,0.858296233
NA,3,2.78554184532648,0.864102157248638,0.439124831501001,0.428371474170272,0.132503694328727,0.105475677447266,0.32319457801506,0.32225937925602,0.35454604272892,0.0103941238035989,0.124994346375769,0.136038692328443,0.738966961295789,0.190430860597985,0.5610045065
NA,3,2.65955741993263,0.734035529067679,0.45319742053693,0.409135426645478,0.137667152817592,0.187069073138164,0.333200981876671,0.329074839752039,0.33772417837129,0.0577761778444159,0.280041149323878,0.312237551337369,0.407721299338753,0.141459612778484,1.7864375855
NA,3,3.12472399560553,0.749625191853184,0.487370426371148,0.419048734473893,0.0935808391549589,0.236365663204953,0.340102637195464,0.33282779952277,0.327069563281766,0.0872278331401778,0.340494871183747,0.359219656199184,0.300285472617069,0.194259332240481,1.880005495
NA,3,5.5448426113755,0.618431547349357,0.3825410771003,0.371497255389096,0.245961667510604,0.151077866100209,0.331290794812547,0.330497967064309,0.338211238123144,0.0321885126493673,0.286359834016704,0.297299408190956,0.41634075779234,0.141295853122535,0.335239441
NA,3,3.39259911289377,0.820307139521534,0.480511736108637,0.444465043864825,0.0750232200265381,0.184702020944288,0.330789115071788,0.325551015324178,0.343659869604034,0.0450082167609167,0.217553035175903,0.265570438145297,0.5168765266788,0.135462840744651,0.7188591035
NA,3,1.13866945943426,0.802048127134925,0.48620511412389,0.44377558911231,0.0700192967637999,0.200232449553653,0.331242924438986,0.329176304902894,0.339580770658119,0.0276568948312778,0.269527088992371,0.29011499251611,0.44035791849152,0.0808647653287946,1.2940060775
NA,3,1.32536030555676,0.733865333375485,0.46684201203716,0.416186761112565,0.116971226850275,0.208606104845265,0.334236129878875,0.33176014827477,0.334003721846355,0.0487161372994623,0.315818755323944,0.330747121222513,0.353434123453543,0.113106844858823,1.6553123515
NA,3,1.54877910006836,0.791398137143968,0.480261822698193,0.437838464690374,0.0818997126114335,0.195001832340689,0.331088057616457,0.328999458362158,0.339912484021385,0.0281679583694652,0.2673591745229,0.28871943891398,0.44392138656312,0.0844197978710124,0.840879295
NA,3,2.68378085686325,0.728452817525314,0.46473502978556,0.396770380393215,0.138494589821225,0.202184417876395,0.337005841120265,0.330634911611803,0.332359247267932,0.0833955917269576,0.311610774188051,0.340310650929472,0.348078574882477,0.179982529220012,0.6360782505
NA,3,2.32943511498325,0.762510051169725,0.502351305893395,0.407525327222466,0.0901233668841387,0.219574229116958,0.338068415516823,0.335506955613132,0.326424628870045,0.0592168901578634,0.362805291312854,0.355699007846616,0.28149570084053,0.127857795002138,0.9296787575
NA,3,1.35222597409793,0.779103137875907,0.525028346188794,0.401289397315729,0.073682256495477,0.21691623358417,0.336914290933395,0.34021274836904,0.322872960697565,0.0140911335967841,0.402870116737385,0.359093976056483,0.238035907206132,0.0686413641737803,1.690162696
NA,3,6.03475659354481,0.680984921048091,0.420007145260153,0.396146482679176,0.183846372060671,0.323719210914032,0.354889782563247,0.31957935685416,0.325530860582593,0.262746633729254,0.242703562852439,0.37429051670042,0.383005920447141,0.572703660057533,0.4896764245
NA,3,1.36044326383912,0.883520612289394,0.522761804271864,0.467730430135385,0.00950776559275054,0.22421572411558,0.332676668715943,0.331724710582259,0.335598620701798,0.01458276715255,0.308798555793736,0.31710158221676,0.374099861989503,0.0369938325473184,1.00939056205
NA,3,3.12382290542468,0.862831871756112,0.506167304956363,0.4759565371301,0.0178761579135377,0.222241363829645,0.330442357898936,0.330084478154403,0.339473163946662,0.00312115871040755,0.274762810131356,0.280637636408055,0.444599553460589,0.0493044660481372,1.2094430455
NA,3,2.17572843737324,0.710052524592964,0.452514692236892,0.416631817783092,0.130853489980016,0.211745595240669,0.333113271777588,0.332035158431053,0.334851569791359,0.0334491681681998,0.315488169191033,0.324009697184313,0.360502133624654,0.0810254957385238,1.69414187
NA,3,1.6532521209774,0.772147412889167,0.484929596316501,0.430712001841837,0.0843584018416616,0.210182674307166,0.333682786707294,0.331611866703597,0.33470534658911,0.0363519742895583,0.31198158212653,0.32609797852171,0.36192043935176,0.0862341282895354,2.1077463645
NA,3,1.21524795165331,0.932602771331643,0.515979224647063,0.450995154813895,0.0330256205390417,0.15357518291661,0.327425464697074,0.318515867459714,0.354058667843212,0.0342630433150154,0.136374035262133,0.215465058522242,0.648160906215625,0.13297768475707,1.224736469
NA,3,3.4973948176666,0.710289626943231,0.46509476666555,0.43301535947331,0.10188987386114,0.249504644598893,0.335160393742385,0.335371693036264,0.32946791322135,0.015951192653007,0.365169986736922,0.359262908888893,0.275567104374185,0.0584563282746318,1.052277667
NA,3,4.16514139248156,0.766594388515245,0.479912219236885,0.453749665117233,0.0663381156458815,0.236527148754143,0.333412011677344,0.332728715271419,0.333859273051238,0.0222263918179054,0.324631163288762,0.329250038060799,0.34611879865044,0.055516443445825,0.653677588
NA,3,3.26546540985334,0.706678789805316,0.436831078884636,0.40595999474446,0.157208926370904,0.18477525400206,0.331933587006988,0.329613250190963,0.33845316280205,0.0459483255555997,0.279921543675991,0.30182790321744,0.418250553106569,0.122579329471009,0.4420972475
NA,3,2.96856806873309,0.673043730692443,0.429330538605674,0.397790087174696,0.17287937421963,0.195101837354992,0.332303789097166,0.331849692740513,0.335846518162321,0.0100035025290838,0.311634483737587,0.318175433075966,0.370190083186447,0.0426015604005197,0.691288174
NA,3,3.44229412268889,0.672285600767236,0.43536165484553,0.394974031263198,0.169664313891272,0.21377633032551,0.334936683067622,0.332193598650955,0.332869718281423,0.0745663322628132,0.323134301383665,0.336601614537166,0.34026408407917,0.168431778858479,0.6566050775
NA,3,1.26712743672931,0.81797395470837,0.474317657733097,0.424754365208821,0.100927977058081,0.159415177309875,0.329951184202554,0.325027150127918,0.345021665669528,0.0386692503098696,0.218262907969488,0.266227303974215,0.515509788056298,0.122939676855996,1.4487751385
NA,3,2.33423898115117,0.767785661015338,0.48258691127669,0.443531913550858,0.0738811751724522,0.225627639840472,0.333518424939494,0.33249744186868,0.333984133191826,0.0266936901297087,0.322165144276251,0.328995904775175,0.348838950948575,0.0650128391353791,1.627021831
NA,3,4.05787622744439,0.675608395145536,0.426046539549896,0.400091565658811,0.173861894791293,0.191794966605152,0.331894162945677,0.331044992460455,0.337060844593868,0.0258532116850524,0.298421803427445,0.30862357185452,0.392954624718035,0.0785122310285633,0.3895793495
