"treatment","I","gamma","m","lam","beta","stay","alpha"
1,1.952255945,3.651687215,1.0485415465,0.3092752115,0.7986431175,1.170275744,1.750312845
1,2.075670905,2.68822519,0.9552889775,0.368195072,0.815204582,0.8006750495,1.750312845
1,3.50628647,5.21468526,1.175496888,0.21924376205,0.826249541,0.536785477,1.750312845
1,2.34430158,4.268016285,0.81934473,0.2595237892,0.686250881,0.9702008765,1.750312845
1,0.616322409,2.2798892765,0.7233312575,0.52612712025,0.6596253125,0.88386568855,1.750312845
1,2.255948955,3.380925635,0.9435963595,0.57907373395,0.8889046805,0.630786164,1.750312845
1,3.13058598,2.906792125,0.994856381,0.35115750315,0.7578668215,0.873993885,1.750312845
1,1.423414274,5.20091885,1.1202046565,0.35473767265,0.6092253145,1.116245314,1.750312845
1,3.16520905,4.778917615,1.047423932,0.37971658105,0.8832672895,0.5456065,1.750312845
1,2.69017726,5.11979694,1.000880475,0.443551534,0.401292027,0.6648196665,1.750312845
1,1.686158175,1.88685669,1.2203465425,0.5581390382,1.121826829,1.715745711,1.750312845
1,3.03396629,4.30037859,1.1845273355,0.5202540475,0.45979867865,2.041370109,1.750312845
1,3.89752165,5.267099145,0.9616013875,0.7962131115,0.2321865799,0.626043736,1.750312845
1,2.44358298,3.685906505,0.9592459765,0.26011797253,0.884036316,2.207833695,1.750312845
1,3.29552587,5.63123556,1.0376027605,0.247591988775,0.846095062,0.889774308,1.750312845
1,1.2938514845,2.79188714,0.872363808,0.59301931325,0.51181826565,1.932159863,1.750312845
1,2.57657838,4.503015695,1.0280002875,0.5667299985,0.451256958,0.5749573245,1.750312845
1,2.612266585,2.85292177,0.996645463,0.2717485052,0.801179497,0.811454484,1.750312845
1,1.0839064195,2.93001686,1.1119919205,0.20305399605,0.8314345975,1.521991885,1.750312845
1,0.984098742,3.430884395,0.755929572,0.4085024844,0.733410404,1.2286706055,1.750312845
1,2.928485015,5.301126515,1.1417847025,0.349432617,0.4813837927,0.8003489235,1.750312845
1,2.433711,3.316937565,1.083931596,0.56044945725,0.910062828,0.4764206295,1.750312845
1,2.620404025,3.34425227,0.9152638895,0.3024197888,0.681771696,0.6451247585,1.750312845
1,3.14705828,2.028143804,0.989583426,0.6962737883,0.48805142065,0.697399862,1.750312845
1,2.45724298,4.149532375,0.9265891775,0.50746467235,0.6332592985,1.5420656855,1.750312845
1,2.651362625,2.95432437,1.0162423615,0.39298292725,0.6766642335,0.667904982,1.750312845
1,2.819409595,3.687906945,1.08095788,0.20267202205,0.9390427665,0.8797725505,1.750312845
1,2.357081705,3.04172121,0.9685681555,0.36951997145,0.836605577,2.003284493,1.750312845
1,3.24104662,4.65870896,0.942453599,0.45307354625,0.675576088,0.7537700885,1.750312845
1,2.779970315,4.01036088,1.066004653,0.53759459165,0.717039046,0.4862963515,1.750312845
1,2.079923395,4.367203825,0.902617472,0.4398365027,0.5204580125,0.651103596,1.750312845
1,1.9854819,3.70251609,0.9587200425,0.860222507,1.1307589785,0.559426758,1.750312845
1,0.7966651015,2.31337371,1.139665833,0.4601037009,0.5470316515,0.80037225235,1.750312845
1,3.703359475,3.87685088,1.066318889,0.6040381173,0.666265396,0.7643567895,1.750312845
1,1.80112493,2.934753055,1.006563696,0.3038480166,0.787115709,1.542391736,1.750312845
1,1.874281195,5.851687785,1.254789585,0.21771192535,0.542324481,0.7218438245,1.750312845
1,2.180593985,4.477363185,0.9071208605,0.52224732445,0.4585733925,0.759200024,1.750312845
1,2.028439975,2.2497471775,1.0475570955,0.53282814445,0.702872102,0.731484622,1.750312845
1,0.7654641315,3.016947185,1.005705337,0.3994836287,1.2256953435,0.9766485065,1.750312845
1,2.764247635,4.62742321,1.172838344,0.6235311174,0.674069446,0.5209919865,1.750312845
1,3.911862525,4.55157265,1.035221169,0.865017458,0.31096061065,0.589214408,1.750312845
1,1.793343265,3.7629816,0.8903867845,0.4156570263,0.8394706555,1.143496359,1.750312845
1,1.0072822355,2.0788919355,0.9189202515,0.37326152355,0.917702204,1.479665801,1.750312845
1,2.948384055,2.928414175,0.917556785,0.507356594,0.6661058575,0.1842782141,1.750312845
1,1.60612824,1.8420524495,0.8116398315,0.51620993755,0.57411836,0.62264811025,1.750312845
1,1.1943496545,3.0770314,0.770663895,0.31577214435,0.7230299965,0.6645437802,1.750312845
1,2.290343515,4.09700912,0.8812265945,0.619324776,0.37131332645,0.9865886995,1.750312845
1,2.683298035,4.79289921,1.0893293255,0.6878251485,1.191458835,0.27456225525,1.750312845
1,1.866272135,2.748809095,0.969622142,0.519594428,0.5939063065,1.8017646095,1.750312845
1,0.937884189,2.0296878775,0.8680617615,0.385154418,0.80493453,1.20813388,1.750312845
1,1.935620935,2.388179022,0.917529583,0.788799197,0.4729477595,1.439716196,1.750312845
1,3.814065345,2.7705960325,1.018520053,0.809580845,1.0812884735,0.420096014,1.750312845
1,2.28980925,2.967439895,0.956534474,0.684055791,0.7899382905,0.7839561325,1.750312845
1,2.463927065,5.26285308,0.870771045,0.7658980825,0.31350677275,0.7210317055,1.750312845
1,2.40465558,4.34966318,1.1435037455,0.49296752995,0.9466237185,0.7451517845,1.750312845
1,2.489170085,3.48381682,0.9568217105,0.271909118025,0.8837663645,0.5883277165,1.750312845
1,2.716338405,3.62216825,1.104393377,0.56295379735,1.070186145,0.26277815565,1.750312845
1,3.213938045,5.95783315,1.1550443955,1.2743461735,0.15992447952,1.3515916915,1.750312845
1,1.3907726395,2.074897445,1.0328665005,1.049456983,0.31880333635,0.944241033,1.750312845
1,2.643512795,4.930032535,0.899078659,0.30721793965,0.52060222345,0.8294281355,1.750312845
1,2.77064082,2.920638355,0.9946179975,0.637781177,0.677804397,0.699094544,1.750312845
1,1.644503095,0.8647139365,0.854727081,0.6732816794,0.54707175375,1.90391225,1.750312845
1,3.248906485,5.344805415,0.7228061045,0.2829186552,0.5776803375,0.8925347585,1.750312845
2,1.72416214,3.445960615,1.2184343075,0.19494288325,1.1570673995,0.96737295,1.796280015
2,2.862232215,3.893816895,1.0020496935,0.27955511365,1.325035622,0.784837986,1.796280015
2,2.4642127,4.235675615,1.128936553,0.36999263225,1.286856014,0.462808689,1.796280015
2,2.59936197,4.036746485,0.808422148,0.183515245415,1.0428774355,0.935637113,1.796280015
2,4.613820235,4.291734025,1.1074002665,0.3226057446,1.3178927515,0.341835026,1.796280015
2,2.45648288,3.80258648,1.07454577,0.4035044348,1.1995113005,0.784165967,1.796280015
2,2.051419285,3.77343656,1.0277916735,0.28898251805,0.867119264,1.0388916645,1.796280015
2,0.33911422875,3.12403755,1.075705363,0.3676062959,0.8101786585,0.850769604,1.796280015
2,3.06502449,4.34162308,1.030042865,0.33324987545,1.312168357,0.5670963535,1.796280015
2,1.872154095,4.34107828,1.0760564365,0.160401103835,1.150792419,0.943660393,1.796280015
2,3.13779306,5.196178635,1.1371926085,0.3699620819,1.354604392,0.611539943,1.796280015
2,0.989597238,2.33773755,0.9553094015,0.38028560205,1.315275713,0.9395744785,1.796280015
2,0.5742427455,2.566674715,0.8201210505,0.2298184629,1.117924987,0.9067055855,1.796280015
2,0.648073969,2.819981885,0.939467777,0.179737297965,0.98326116,0.862016873,1.796280015
2,1.341146576,4.58879851,0.85700589,0.2364460889,1.1892274305,0.9031301835,1.796280015
2,4.893169275,4.37407463,0.9701146825,0.218399212255,1.0624209065,0.662721507,1.796280015
2,1.227835739,2.41858515,0.807520772,0.29453373825,1.073535827,0.748763902,1.796280015
2,2.029080145,4.744970825,0.949519659,0.2462619586,1.2040742805,0.9683142415,1.796280015
2,3.36688088,4.215584675,1.0586158255,0.238331956,1.2696240465,0.724868472,1.796280015
2,0.5699388795,3.733064345,0.8162596695,0.2944292866,1.094069951,0.8902961455,1.796280015
2,2.772830775,4.933670865,1.1126188635,0.19770428735,1.240249302,0.367464499,1.796280015
2,1.682438725,2.58381842,1.1022752205,0.3799835162,1.2081182635,1.399285866,1.796280015
2,3.89489487,3.71526503,1.1061874,0.2890475665,1.239228471,0.6029483155,1.796280015
2,3.66513717,5.430444875,0.981331469,0.16549815005,1.0982206265,0.885207564,1.796280015
2,2.838239395,5.2185041,1.03048794,0.2837576075,1.1470763085,0.7084655795,1.796280015
2,1.777491265,3.12471988,0.8921184385,0.3163836583,0.9922613955,0.6985839545,1.796280015
2,0.908120869,1.8018454575,0.9425244065,0.27520812775,1.164322521,0.885834052,1.796280015
2,1.98568333,4.65455017,1.010470976,0.2273196348,1.0916093615,0.9412191085,1.796280015
2,4.277956335,4.936127695,1.0029956505,0.20927208905,1.154848045,1.136891674,1.796280015
2,2.54471628,3.846249675,1.0515007805,0.130429712325,1.1087101785,0.622112106,1.796280015
2,0.792902104,3.059076405,1.12186995,0.2832426756,1.314072239,0.931496379,1.796280015
2,2.077187375,4.114598515,0.9991456355,0.41356922435,0.7484213855,0.8220932425,1.796280015
2,2.166270045,2.59408172,1.0207956465,0.2914543089,1.191183018,1.0872723535,1.796280015
2,2.61175409,4.45003478,0.9576084655,0.31097723085,0.9111648195,0.5585606615,1.796280015
2,2.09736411,3.970710215,0.8072519265,0.23761657955,0.947331451,0.6768753145,1.796280015
2,1.887237895,4.248980265,1.1404688905,0.157442845115,1.086535429,0.8210281295,1.796280015
2,3.19242023,5.408247465,1.075217062,0.134609910455,1.148086948,0.8439545225,1.796280015
2,2.087459885,3.402979475,1.026722555,0.37732823865,1.2322332385,1.0609830095,1.796280015
2,2.44571805,4.4356965,1.1621878875,0.30362141125,1.1294014225,0.744301254,1.796280015
2,1.076522367,1.39553998,1.0207688645,0.34043808545,1.2283292655,0.813412741,1.796280015
2,2.833103275,5.124367925,0.9765636615,0.1582518067,1.18936884,1.169080266,1.796280015
2,2.491533525,5.720083635,1.0957885655,0.14421841241,1.118062946,0.645134934,1.796280015
2,2.69392391,4.75496216,0.9484389125,0.23701298825,1.0863115945,0.816223199,1.796280015
2,2.431257825,4.633051535,0.8790476435,0.20969590459,1.0734316535,0.818050861,1.796280015
2,0.783352795,1.6189146705,0.952597192,0.20109032043,1.1801892335,0.896843333,1.796280015
2,3.091963035,3.69879471,0.9203311895,0.2771147717,0.9840704675,0.785597882,1.796280015
2,0.7041581515,3.561975215,0.9272717775,0.2296514344,1.31679318,0.884610987,1.796280015
2,0.996288141,3.48796903,1.011641683,0.32151430605,1.3014027135,1.093277795,1.796280015
3,1.0234259675,3.12211629,0.86011041,0.36955109665,0.627029153,1.733767585,1.97060152
3,0.850955595,2.4655732505,1.0216022025,0.2167981692,0.827038487,1.373785378,1.97060152
3,0.963730668,2.2091723625,0.935006363,0.29438064435,0.8965611745,2.0747649845,1.97060152
3,3.63062911,3.604590164,0.7369900175,0.62032522695,1.308802947,0.373959635,1.97060152
3,2.083679635,2.342563542,1.0235372535,0.4867420345,0.665330595,0.9159189305,1.97060152
3,2.78229883,2.1252898915,0.9494692415,0.6582884465,0.5196585855,1.490214246,1.97060152
3,2.71040292,4.187224615,0.836296015,0.39688559125,0.640043925,0.619327206,1.97060152
3,1.53052161,2.676309604,0.937396467,0.3068950072,0.8096924335,1.6572063255,1.97060152
3,2.263548505,3.643932875,0.8565713765,0.3408831345,0.940758221,0.6153018,1.97060152
3,0.977606011,2.745494635,0.946394042,0.23215833485,0.70701729,0.662687784,1.97060152
3,1.1771165915,4.00113248,0.9209245095,0.26733227035,0.588507314,2.382711945,1.97060152
3,1.053163968,2.993040525,0.869426364,0.24378186075,0.9263282305,1.817223182,1.97060152
3,1.89723689,3.540182405,0.8487974425,0.2706273822,0.682320166,0.994461827,1.97060152
3,2.466964465,4.46436165,0.665070264,0.23295200035,0.718730883,1.223456643,1.97060152
3,1.371311755,2.436610325,1.210050212,0.3522878596,0.8281221255,1.7141262225,1.97060152
3,1.362928927,2.184718786,0.8089473105,0.3929459416,0.6577732275,1.4483570765,1.97060152
3,2.1276949,2.7039912395,0.941216229,0.652058356,0.6021141885,0.6792556985,1.97060152
3,2.412216305,3.266984965,1.023027566,0.2699376273,0.7899323895,1.032774582,1.97060152
3,0.976442608,1.5278595725,1.03739952,0.47611684805,0.6157432255,1.249029921,1.97060152
3,2.25946221,3.3895878625,0.9487833055,0.27370839,0.7172467655,1.0448540775,1.97060152
3,1.064488622,2.650429215,0.8280519135,0.27450622945,0.973490115,1.8237194795,1.97060152
3,1.001726916,1.6694318305,0.889184256,0.517221412,0.84769684,1.4523871255,1.97060152
3,4.61884449,4.18117241,0.9765264235,1.3658441345,0.22960333145,0.2920277735,1.97060152
3,1.0690247125,3.647984845,0.7659964555,0.208724952,0.759767712,1.554892488,1.97060152
3,0.825415903,1.535178074,0.889769432,0.50390887555,0.932597719,1.5844223775,1.97060152
3,0.961839727,2.0437535565,0.960363126,0.37593898935,0.688504664,1.616688185,1.97060152
3,2.36306174,3.84672995,1.341577136,0.4859301827,0.8671551935,3.02130125,1.97060152
3,0.854910354,3.415542745,0.8009364215,0.4508726485,0.535891604,1.684037651,1.97060152
3,1.965438835,2.6271326785,0.8911635465,0.2944861189,0.8539386485,0.8725330575,1.97060152
3,1.3280370465,2.376876283,0.8796712435,0.43972034945,0.5600199775,2.337792818,1.97060152
3,0.793906149,0.9326293495,0.8315667655,0.4466891836,0.864358383,1.3781344115,1.97060152
3,1.4463237915,5.81733393,1.332287395,0.8158349085,0.14723331185,0.879274234,1.97060152
3,1.949977995,2.267206949,0.987796205,0.34244467015,0.725023304,0.852076861,1.97060152
3,2.70401291,1.3836461565,0.863039223,0.54388846155,0.9820365285,0.4810734245,1.97060152
3,3.21527245,3.61143178,0.907932654,0.33545512255,0.661426364,1.024062823,1.97060152
3,2.95941741,3.579206985,0.98022531,0.27570083595,0.816138858,0.78941108,1.97060152
3,2.798074415,3.15656313,0.9626149455,0.817977128,0.5171102315,0.519583886,1.97060152
3,0.734585638,1.9996372285,0.975344899,0.3692386908,0.6974065505,1.278972799,1.97060152
3,1.41047342,1.6374877545,0.891776144,0.53990406205,0.7197474695,2.919575905,1.97060152
3,1.95257902,2.644131114,0.9245200545,0.51030991095,0.59294422,0.796100681,1.97060152
3,4.55474348,3.2227168075,0.8531884485,0.4508796838,0.534485825,1.177239821,1.97060152
3,2.532064775,2.323022412,0.893658684,0.5685961305,0.5215244745,0.4038635075,1.97060152
3,2.083486775,2.886040378,1.010793277,0.4364205486,0.6553767735,1.0184849875,1.97060152
3,0.8188800085,1.368038666,0.8946048195,0.44257190285,0.7755587405,1.213030951,1.97060152
3,2.325674925,2.278635981,0.8579514605,0.3545144442,0.770761268,1.518180378,1.97060152
3,0.9407344165,2.22663663,0.920822127,0.28260690385,0.8289266415,1.334171128,1.97060152
3,2.41666499,2.98975913,1.0061770015,0.3678981376,0.734704502,0.804843346,1.97060152
3,0.832257836,2.65398264,0.8466564395,0.483642918,0.5843700115,1.147973508,1.97060152
3,0.913617827,0.80393183465,0.817852074,0.41830898615,0.8493893555,1.20578606,1.97060152
3,2.55522034,3.962836295,0.5560940975,0.33481533585,0.6792538765,0.568330986,1.97060152
3,2.88951122,3.6259187955,0.856025261,0.44171429725,0.695585703,0.9392568285,1.97060152
3,2.0496164,2.76120443,1.087956915,0.36878462795,0.6181311745,1.374722112,1.97060152
3,0.9622797755,1.462226069,0.9098907715,0.52447709765,0.5594282665,1.196240848,1.97060152
3,2.588275075,1.7424408055,0.842474152,0.54763103695,0.573855512,0.493133896,1.97060152
3,3.958856165,5.207724295,0.9001539145,0.7861879155,0.3786976305,0.597423351,1.97060152
3,0.7908926,1.8033544075,0.946478056,0.2999668288,0.875369359,1.106981179,1.97060152
3,0.8097003755,1.382672319,0.7581185865,0.4504752759,0.7173923385,1.353343499,1.97060152
3,2.07035124,1.3072048755,0.798400309,0.4233977956,0.7672597385,0.9857149965,1.97060152
3,1.55572305,3.578810715,0.862118097,0.19531757215,0.744374587,1.291745207,1.97060152
3,0.908329578,3.003823405,0.8371431975,0.32257339125,0.631228355,0.9127134871,1.97060152
3,2.15346014,4.9921694,0.9754609865,0.5050434505,0.3977684505,0.4330145435,1.97060152
3,1.76932252,3.17206074,1.1345607165,0.65610934,0.6042203825,0.935740857,1.97060152
3,1.0832925185,2.870344425,1.080762328,0.15548965735,0.9369461245,0.59657544375,1.97060152
3,2.020814705,1.9278380695,0.7580480615,0.479201612,0.6864833145,0.653974536,1.97060152
3,1.039443281,1.492539095,0.892448083,0.3773364253,0.7893729565,0.61022978965,1.97060152
3,1.67589032,3.568799895,0.7288000395,0.222008007175,0.809094674,1.4658905055,1.97060152
3,1.812790795,2.6863069315,1.0076955295,0.2134885965,0.8086615165,1.2495393435,1.97060152
3,1.508431905,4.29820955,0.870095938,0.2580046204,0.545458631,1.6338540915,1.97060152
3,1.648638575,3.36151926,0.754571469,0.2496905871,0.636320319,1.501123558,1.97060152
3,3.196733845,3.148729621,0.839080896,0.51130347605,0.6619674205,0.5531350875,1.97060152
3,2.454919135,4.81237716,0.9728319085,0.8495197475,1.309094429,1.6787058635,1.97060152
3,2.581627615,2.362122141,0.785966518,0.4420999211,0.6867058165,0.548635557,1.97060152
3,1.062017423,2.738535115,1.0064772725,0.3976683962,0.5945419595,1.246310144,1.97060152
3,2.03555767,3.71018281,1.243965419,0.806979765,0.717707064,0.785453707,1.97060152
3,5.23000407,4.324246495,0.809319357,0.7571780945,0.37991759075,0.9046118685,1.97060152
3,2.145676245,4.60158498,0.814798971,0.356734088,0.5343526045,0.712519927,1.97060152
3,3.37542246,6.065443335,0.8489779875,0.11572591332,0.7995491325,0.541930191,1.97060152
3,2.01492396,2.89029515,1.1390311155,1.0182625245,0.328999566,0.798413497,1.97060152
3,2.33895133,4.574756155,0.6718565675,0.420284079,0.4345134355,0.6068061665,1.97060152
3,1.959508087,7.66008966,1.1636698775,1.275267866,0.07327155042,2.0886444675,1.97060152
3,1.36642682,2.76287144,0.934176268,0.27348572195,0.953287116,0.7120326705,1.97060152
3,2.281010615,3.186848095,1.212719481,0.7405254205,0.491297636,1.1609860185,1.97060152
3,1.73115641,3.814324405,0.9572645905,0.28532747335,0.804807645,0.928164334,1.97060152
3,2.119069415,3.623883575,1.2603444385,0.471782038,0.6318171045,0.7842930575,1.97060152
3,2.43266927,1.549091092,0.9061532575,0.41461768305,0.8048344065,0.7869411705,1.97060152
3,0.8617119415,0.86862738,0.9070614375,0.48433644865,0.8150199235,0.8078820582,1.97060152
3,2.059541405,3.672703265,0.8216093765,0.32710561345,0.597446658,0.7368296,1.97060152
3,0.8249341335,1.9360436545,0.985147325,0.3417673384,0.7448937635,0.988380218,1.97060152
3,3.82725871,5.31544946,0.705617026,0.9645850935,0.2357795361,0.34428608,1.97060152
3,3.18573102,5.096815595,0.990024235,0.8537453375,1.403996373,0.388300989,1.97060152
3,2.30662882,4.471128035,1.053810134,0.448702833,0.515431733,0.8979282275,1.97060152
3,2.90156294,4.17107701,0.7877195345,0.39753116645,0.550045205,0.716635738,1.97060152
3,2.007405925,3.03576639,0.9103248915,0.3639391018,0.6939538445,0.903451721,1.97060152
3,1.81140475,4.7247198,0.9457135225,0.316414377,0.593905876,0.910198305,1.97060152
3,0.8836803675,3.76226962,0.8509626945,0.2829506083,0.6075292955,1.02093882,1.97060152
3,1.661626055,1.8341787865,0.9549102605,0.3936258471,0.8183681475,2.022764185,1.97060152
3,1.61353312,1.8661223625,0.98509824,0.38155249845,0.889417175,1.631561505,1.97060152
3,2.216708625,2.7262144915,0.984854255,0.7085995955,0.5737246195,0.5848722775,1.97060152
3,3.15126515,5.62066931,0.6096474065,0.2735994972,0.5598748425,0.2557172705,1.97060152
3,2.820671025,4.46625157,1.015385498,0.3882844058,0.806656946,0.545621094,1.97060152
3,2.65505245,4.69529648,0.9006315655,0.488190505,0.4134923465,0.5832192015,1.97060152
3,2.375155735,1.8806904795,0.8628944525,0.30631870745,0.8269524295,1.1493366215,1.97060152
3,2.373555195,3.9399431,1.0638657485,0.2362338721,0.745288355,0.7846129845,1.97060152
3,1.94930429,4.109666935,0.802591247,0.33058132205,0.5545323625,1.3593107295,1.97060152
3,2.97687942,4.838113425,0.8829175655,0.25034656615,0.6952227925,0.7176123465,1.97060152
3,1.1302817305,1.8500068455,0.9550030075,0.2797323264,0.8441336295,2.0293420105,1.97060152
3,4.054354785,6.72890553,0.866965564,0.446884787,0.3564382895,0.320439483,1.97060152
3,3.12943841,4.865860405,0.912338139,0.3427314191,0.594028599,0.767871241,1.97060152
3,2.04465114,4.663513035,1.051889074,0.19786461105,0.737171323,1.436192605,1.97060152
3,2.529078515,3.87370691,1.1419256265,0.36775962385,0.6781296485,0.845712377,1.97060152
3,3.445974395,3.89317465,0.751868559,0.22837546405,0.784507448,0.5747767465,1.97060152
3,1.312419278,2.54255803,1.0128985495,0.3177723388,0.646953135,0.8878019555,1.97060152
3,2.129872255,4.14126964,0.7692626275,0.6165611055,0.404472908,0.777248107,1.97060152
3,0.7244074025,2.90014461,0.6906458635,0.29385621275,0.697221416,1.275542857,1.97060152
3,1.847615495,2.872695989,0.9257932185,0.68771259,1.2006689215,0.844453677,1.97060152
3,2.593462795,2.336278853,0.88342845,0.4667539139,0.629832426,0.990233329,1.97060152
3,1.726828175,2.590232586,0.8421260755,0.4223489606,0.676340037,1.1192574025,1.97060152
3,0.719053951,1.5333345425,0.957125632,0.5226770565,0.5989596135,1.21899529595,1.97060152
3,1.163986516,1.413018445,0.8366779805,0.53240939225,0.693867979,1.4797864445,1.97060152
3,2.0307519,4.25865217,0.8210342295,0.170071148,0.8207879805,0.871133045,1.97060152
3,2.885886015,4.60439309,0.80109432,0.2301387099,0.6863250375,1.0004189655,1.97060152
3,1.206182924,2.753048014,0.9250020415,0.2544349797,0.683559558,2.1615396285,1.97060152
3,2.21189868,2.9960953545,0.94418731,0.37541351535,0.6729923655,2.98637952,1.97060152
3,0.964716616,1.8550288355,0.8227037435,0.3257531975,0.7589493375,1.8028714065,1.97060152
3,0.8008270115,2.65643399,1.078935133,0.37842785005,0.5448036915,1.366225244,1.97060152
3,1.056447914,2.644770175,0.8604125595,0.39100580315,0.592140227,1.9834138235,1.97060152
3,1.59614788,2.792026469,0.9631507255,0.384427683,0.611267502,1.668721464,1.97060152
3,2.346164645,4.244447485,0.795010963,0.37761060575,0.5771838105,1.1057681695,1.97060152
3,0.9743332365,2.197486797,0.9585590795,0.3085605261,0.760772977,1.2947174445,1.97060152
3,2.599193415,3.1522102,0.9395482775,0.33764526405,0.7261529095,1.0069242835,1.97060152
3,0.762263445,1.5807528725,0.858728178,0.47492701515,0.574213787,1.301363789,1.97060152
3,0.9434878245,2.2568472705,1.1074279855,0.4664962115,0.610591237,2.02115522,1.97060152
3,0.654140729,1.830414498,0.9200835835,0.2470758617,0.799310595,1.2626858344,1.97060152
3,2.68498601,4.43419078,1.0171594505,0.6477795485,0.43213235,0.3521106125,1.97060152
3,3.84216031,3.0978986155,1.124305196,0.42407219785,0.6856287775,0.385225868,1.97060152
3,1.180608978,1.278935119,0.7511532255,0.4981514559,0.6820770915,1.235523042,1.97060152
3,0.828169382,1.424881742,0.917109783,0.35880914985,0.8315588415,1.6119180505,1.97060152
3,2.537259525,3.71355575,0.829936052,0.4897576843,1.1854137625,0.47190654,1.97060152
3,0.9787473645,3.143956175,0.873713287,0.419409745,0.541239348,1.161179117,1.97060152
3,0.8389466965,2.096330774,0.8175572695,0.3092368874,0.674958666,1.1096677645,1.97060152
3,1.538104545,1.727239268,1.074477108,0.6763228425,0.586493731,0.755167424,1.97060152
3,2.49216532,4.249892255,0.680148207,0.23653048115,0.823325162,0.6090349025,1.97060152
3,2.89623542,6.431874905,0.722409065,0.357650977,0.42288760135,0.641142804,1.97060152
3,3.21800006,6.17361218,0.698385256,0.596129151,0.324189014,0.613692692,1.97060152
3,3.463787025,2.1714610155,0.8156525725,0.37183176136,0.799537363,0.8013545275,1.97060152
3,4.54020529,3.3820812225,0.8756606995,0.32061401775,0.7718232815,0.6600670885,1.97060152
3,2.068171805,4.159561145,0.959860613,0.3187820221,0.5189207925,0.6068987485,1.97060152
3,2.483209395,3.45767261,0.856047927,0.3548261789,0.8786997305,0.516380198,1.97060152
3,2.954609845,2.82281322,0.9004318415,0.36028631775,0.710321894,1.7006015035,1.97060152
3,2.06564086,3.268212115,0.985928541,0.40535831515,0.7558602625,0.820168016,1.97060152
3,0.7409755855,1.946994955,1.1175394295,0.17799629255,0.838185601,1.1044831435,1.97060152
3,5.3040077,2.21226866,0.8904203,0.67244743175,0.5516239842,0.511990674,1.97060152
3,1.557453425,3.47724142,0.8279861335,0.34250639245,0.592286301,2.068005295,1.97060152
3,2.82322028,4.01657538,0.891587164,0.30524114615,0.7801585365,0.9110355125,1.97060152
3,1.2677605715,3.62433035,1.1549635145,0.518550191,0.7464146045,1.8373617935,1.97060152
3,1.286780348,2.123652536,0.826455639,0.28788167805,0.8078151915,0.8510502795,1.97060152
3,1.6618534,2.7295190165,0.9813576945,0.35639450875,0.6817522425,1.474961444,1.97060152
3,0.8572576695,1.8715824505,0.843983197,0.44097229955,0.7774376195,1.5805031105,1.97060152
3,1.53259161,2.1922515865,0.8395369835,0.428017641,0.619989605,0.884757468,1.97060152
3,2.026486375,4.64225157,0.801024492,0.160296105425,0.8514827785,0.760327709,1.97060152
3,2.423518965,3.073964903,0.741286723,0.34301836505,0.6920607795,0.7457227755,1.97060152
3,2.526581555,4.915414855,0.7819107685,0.2534672595,0.687227221,0.550521597,1.97060152
3,0.693371079,3.27117981,0.965582914,0.1771674042,0.5857800155,1.26637839115,1.97060152
3,1.686038685,2.131664133,0.8539511285,0.3554446743,0.735493044,1.2159467315,1.97060152
3,0.9441159595,2.6848325475,0.8101475155,0.32978175935,0.67900633,1.7090346395,1.97060152
3,2.67744396,4.55757055,1.133912411,0.2576372524,0.668176309,0.849409163,1.97060152
3,1.1507644715,2.889753895,1.0288234365,0.202402223,0.7377807645,1.4005185975,1.97060152
3,0.844703654,3.05062704,0.823465097,0.3572037845,0.57826079,0.93756482675,1.97060152
3,1.496197355,2.6278530435,0.8249675085,0.4695421705,0.6152004025,0.887434734,1.97060152
3,2.80812239,1.9108425245,0.8276512545,0.4551716096,1.032266567,0.6644846525,1.97060152
3,1.438514685,2.562382995,0.81749171,0.227892672965,0.75216405,2.056704355,1.97060152
3,2.72140135,4.42525848,1.047509382,0.6030176175,0.5911721695,0.7284201895,1.97060152
3,1.281233128,2.5606144,0.7919979365,0.25555269905,0.8424857445,0.858296233,1.97060152
3,1.717610525,5.01165173,0.4990899035,0.18421946669,0.778928571,0.5610045065,1.97060152
3,1.88307327,3.164006215,0.856198762,0.4809946708,0.6231766445,1.7864375855,1.97060152
3,2.178940265,3.9406667,1.0962386895,0.4823354445,0.584871242,1.880005495,1.97060152
3,4.381304635,3.560996324,0.681286114,0.38025389745,0.6339949915,0.335239441,1.97060152
3,2.19963588,5.38582213,0.7896271135,0.3034566345,0.5129560005,0.7188591035,1.97060152
3,0.7528458515,1.7104972275,0.8776218285,0.2779679319,0.721127772,1.2940060775,1.97060152
3,0.9385634875,1.5757115805,0.968590651,0.4157955218,0.693872254,1.6553123515,1.97060152
3,1.035449787,2.2501948595,0.8630686475,0.3008388214,0.7287238165,0.840879295,1.97060152
3,1.91054321,3.12403237,0.982484157,0.6625660145,0.643000629,0.6360782505,1.97060152
3,1.60374842,3.075168465,1.132052487,0.564137337,0.752101748,0.9296787575,1.97060152
3,0.9155288055,1.888050649,1.219705472,0.56406056105,0.9493520025,1.690162696,1.97060152
3,4.49535337,5.69603426,0.9552949265,0.96462617,0.1931562969,0.4896764245,1.97060152
3,0.8186742245,2.582311555,0.9699375515,0.2099066436,0.833414341,1.00939056205,1.97060152
3,1.929169565,5.60047931,0.918800175,0.1219800398,0.9674264285,1.2094430455,1.97060152
3,1.576538025,2.348173669,0.952293911,0.31962066795,0.7312975775,1.69414187,1.97060152
3,1.127260037,2.2555559385,0.9620551855,0.3557153149,0.736661233,2.1077463645,1.97060152
3,0.6806474825,2.644394075,0.7000149395,0.4159537695,0.655114069,1.224736469,1.97060152
3,2.53364559,3.778427185,1.093240617,0.204844146915,0.8417193285,1.052277667,1.97060152
3,2.85588585,5.57650179,0.9869764135,0.15932042175,0.682300478,0.653677588,1.97060152
3,2.37380984,3.473309685,0.827875621,0.39514933655,0.6295727465,0.4420972475,1.97060152
3,2.227974635,2.6908985515,0.909290527,0.3455237543,0.921142722,0.691288174,1.97060152
3,2.585366035,3.10798235,0.9921306785,0.5012526574,0.6123619805,0.6566050775,1.97060152
3,0.823644123,1.9976878455,0.7374195625,0.4655939993,0.6743979185,1.4487751385,1.97060152
3,1.598590725,3.137943665,0.9825108305,0.2397841562,0.734941535,1.627021831,1.97060152
3,3.038156475,3.72743347,0.864016104,0.3282603889,0.769172553,0.3895793495,1.97060152
